ID,y_hat
21256,0.4016862770140379
14589,0.2382990225177706
19988,0.4291988349757458
21287,0.657935678222164
12418,0.6216879608444815
6697,0.5046134447243004
28143,0.6891708389510859
27404,0.5955307423255068
10924,0.41962402257996095
4267,0.7451723695741994
1152,0.4798800945828085
873,0.4922823972424424
10340,0.27799243497289555
6379,0.2801984198994634
9125,0.6128473118305084
17588,0.5817339369242821
4668,0.0415808171785828
21741,0.5401346568414048
4632,0.4333739541453679
29767,0.5091637385840985
20297,0.21961458800111378
22317,0.49349527770356477
27019,0.023836354630775863
17165,0.5432964680088374
15814,0.3686705240976759
7190,0.5986001517326086
28379,0.5395612004278211
5795,0.2289491589231637
14913,0.5361431217994841
23956,0.22274005396392751
2292,0.2751539259932624
16761,0.43709482804387584
26063,0.5055629909158147
17823,0.4652398954961196
19199,0.5014350336937501
24342,0.42253412531232937
19341,0.6529335423582533
2829,0.6271570443081753
28054,0.29639983798212105
13176,0.5804518365578589
17241,0.68469334191994
18148,0.577971003873937
19602,0.27035650248058635
23197,0.5222866060715051
1114,0.5249895126496641
24407,0.352599867293171
21052,0.5429027082730997
28166,0.4100746727971116
12104,0.3300707134866319
2757,0.6692298996025556
17493,0.7314401192429628
4779,0.23015543823618023
21893,0.290547330823839
3136,0.6441098381790228
15531,0.5716621227569334
5968,0.3136798459871403
17149,0.7565921277040073
28021,0.3623289659669479
19743,0.5382148415920256
7550,0.47821915653327923
29839,0.41555956205716943
12100,0.4864146647455288
462,0.4961812747733087
11303,0.5876886979193336
24701,0.6322955053674341
6454,0.352468478770774
24176,0.5281448516360738
13868,0.8016005591898517
7274,0.4103036771544466
11384,0.4413701039365255
18517,0.5681481645055306
28702,0.5291222687466292
29908,0.4665676573967463
9026,0.47922872150440227
21620,0.2786984774870634
10713,0.613556764688585
6921,0.23055830422095358
9550,0.08138150296769413
26006,0.7821976287203173
19652,0.2184507856426594
9628,0.3247173903380116
6735,0.5496630882143452
7221,0.3291693666844569
18379,0.4483505102563323
2834,0.2861553981435057
6010,0.5500526529483499
1934,0.3908305290609258
11944,0.5703480411273715
19237,0.38128526995639495
12497,0.503550601965479
18784,0.588990172940477
4897,0.6671425970321403
18854,0.2798463524009138
13688,0.5561457799368199
1045,0.17149038490089077
14027,0.684176544348604
15794,0.5976360284712884
17740,0.6106396304324476
29363,0.26699479276624366
23499,0.6660095564734919
15257,0.5900677167437812
4373,0.39682005646047713
9207,0.4472724242087908
2998,0.2761821941508846
29331,0.37796595018669993
27055,0.5567905994530088
17902,0.6422782731455646
3558,0.6839947896709319
20324,0.5059851724153349
24378,0.32923542986605764
20733,0.4027204516993536
571,0.4846044448743318
11420,0.780018510229417
16211,0.5150134816340227
15343,0.46983199184593044
19056,0.29572069850366867
22021,0.4502334633224437
16002,0.575467911520401
15625,0.6589393072140508
17324,0.6142202596677674
7688,0.5247739175027175
16003,0.5576588359873792
16692,0.4222185771052716
17558,0.36314641504836725
21663,0.6809607254958813
9825,0.29466911799815254
24368,0.4335035829295839
22006,0.503576543132968
6123,0.5024439572374031
10550,0.3784215421540506
25631,0.532464932103154
21814,0.16873776524377637
17635,0.29788141598972034
17301,0.06132168944060623
17690,0.49217028516726474
21906,0.5708976218858063
29368,0.5138487296972966
15841,0.4492512330478385
22998,0.5096100485488867
5267,0.5867076986013323
6233,0.6658251826323089
27267,0.6792454787178991
29748,0.7339797748369187
18880,0.5598928039817174
7517,0.5446049466189155
20559,0.5521002805690967
14451,0.4017993580434332
28869,0.6819797928513377
3268,0.7083457039711
28739,0.6295893461520671
15688,0.3692534350887688
2977,0.5034102351995777
19991,0.5292652630208136
3945,0.555843590896446
7761,0.5204567693758556
29421,0.3814149574562376
19468,0.5279815099370929
1060,0.6154032867192681
472,0.6552390618822038
2486,0.5093324858507686
489,0.5071419289622584
22666,0.3986255490895902
29812,0.5551714806802367
22534,0.2786103080051814
607,0.30364363420757484
22132,0.5491252029664119
8568,0.40671533841093915
4686,0.40217673587022523
23590,0.6098040754852457
22414,0.5156299450977669
20307,0.5032759148849024
22098,0.6964714307548278
15561,0.6599033383968068
7154,0.39047966733255873
19230,0.46572645601689233
4478,0.430965143181737
10273,0.4567125740944147
21192,0.4566619736841185
23989,0.5607866876042485
19520,0.34067539650371953
22435,0.5008464031048928
5730,0.4547095357048245
11300,0.5182133139098645
23756,0.31700624221284196
19618,0.49855438187780815
25616,0.5756133618062231
3132,0.7949600961224327
24097,0.2790846218611495
8100,0.6339988224546104
23636,0.3034384429393971
29140,0.43671657621710547
4593,0.4942525786709145
13381,0.5457565890789401
12936,0.39801470789915117
19715,0.27627274906290356
12869,0.5152992798460226
7925,0.41017387569574476
12146,0.41680475679142753
13374,0.3523620633172459
21841,0.3622878591051107
26119,0.05889092790478082
3188,0.7011318087244266
28128,0.5514458627959079
17571,0.13339608211718754
1357,0.6767911438746186
22177,0.35258320621684164
9802,0.6622830328115326
3706,0.5768435821177388
28465,0.5055182318362276
16729,0.5358888139022445
10873,0.5761437270162465
16968,0.3499463484853525
25755,0.5133159443192925
8965,0.6080176218709377
29988,0.38846193961397807
21450,0.6334560557976281
18759,0.30534581617299406
23108,0.2887160945762267
10435,0.6405395809353136
338,0.6631654450826803
26009,0.4894899292410077
27022,0.28471128182668265
13268,0.23501230187319141
22850,0.6867157336852708
19885,0.3031220640475428
27284,0.06623191402439282
27398,0.38035972557645126
1337,0.21175462605182901
23154,0.38824469723425165
7725,0.42437341817498747
19670,0.36571500332652046
18280,0.4097130133159867
7876,0.3084847161785837
12609,0.5607591388503191
16905,0.6184941352607333
6374,0.5449047249460512
10330,0.3226529910352367
8209,0.5373855277142745
5029,0.2975305971380441
6655,0.08058714103268505
8659,0.36791580503998245
8446,0.5373067585573873
14815,0.3648547344447455
11128,0.35542983822468033
28928,0.4256225945792642
19239,0.5216305911056258
1241,0.7935888337454456
8960,0.3580022430669772
9109,0.4225578266743028
547,0.5629910479610092
13626,0.4875038699386918
3585,0.5066456780992221
1132,0.30041723680930743
22738,0.200146713172656
17852,0.5936774378949288
4549,0.6271665492396803
3030,0.07300557942579634
27473,0.3777291506952372
7668,0.36668643151360164
7349,0.21478125997263584
20103,0.6481016049486209
18406,0.5263420425009088
6979,0.5492586962913973
23930,0.1292528100811453
20942,0.5195152846733998
6122,0.6120562855279997
12633,0.34531829359662175
24468,0.6982100069141222
23403,0.0430966123653937
9924,0.4577386028201256
21751,0.5443480529999035
10820,0.40506460391010374
6568,0.31211553988434904
28382,0.5803137120467009
7790,0.45571942289107326
23330,0.492012347805443
17560,0.30377020212699835
22100,0.4409034917707697
9686,0.7083162539936033
5307,0.31861744635349093
16738,0.3661153522973286
20990,0.38271596113621054
7475,0.09015060079833158
15486,0.09757635172990796
9725,0.42423042033140584
17086,0.5043377906226694
3357,0.34872199449597346
8068,0.5372978293504479
1713,0.28422531594206807
97,0.4917067574877514
12788,0.46316834097057846
8219,0.4770471405398656
26296,0.7122584515447246
20775,0.5142817819195736
23500,0.5592397599020756
2300,0.26909209654785404
15201,0.4863603962994168
15714,0.45846011140123055
21485,0.4936633116112225
29940,0.42055512360251995
856,0.5664577890446895
3715,0.5032595503900853
19775,0.5404914918361792
23390,0.5100741220215408
23625,0.618911310090532
22683,0.3904300588209759
23235,0.43351180685423407
9640,0.4445115082817737
27072,0.5424058464082671
6780,0.4951081829264543
8949,0.28160884137641057
26178,0.543155228809387
24650,0.27012378954897853
23277,0.5307436470291361
15753,0.4390594888558849
8234,0.5160992098618301
27982,0.5062818646820474
22521,0.42493624378365963
20333,0.5949255218462567
17566,0.5399787062567575
5150,0.48838208275864387
12862,0.633080771344534
10927,0.2747390217622807
19046,0.529473232248722
3973,0.31045187660239293
23124,0.4563237026055566
24886,0.5431548858679331
19901,0.3363670467163095
8326,0.6350081050966147
20336,0.3617615649811645
9836,0.37408436876392814
20441,0.48399096456385315
23287,0.17755767683366389
386,0.5076386784919523
29325,0.4920074551695839
23147,0.5041746038530267
14140,0.42008998667590536
17552,0.057117606089485795
22551,0.44054602735029946
16064,0.5548830063023171
19357,0.6620026262422242
20634,0.7233346613254584
1838,0.5017710731160209
3977,0.22931773333648944
2712,0.3827548277651287
12440,0.47151158103378893
15191,0.6798307447960816
22096,0.23202430945522887
24930,0.5130678592336039
16661,0.6602837884441194
22002,0.5530326288181117
28661,0.2549370993989475
19657,0.6195887618380866
10122,0.3440332764302995
4767,0.6167719848799355
7893,0.18546161997988064
1446,0.5936497244287238
12698,0.2749319532959013
3582,0.4844735821943537
2457,0.2761710024844563
13234,0.659441785240016
9474,0.5119753435869742
28277,0.5600034597509856
7203,0.5091795663583766
7606,0.49711680409653075
13464,0.3411132078035204
19051,0.34996649721989126
15960,0.4177334079761261
4831,0.2761678422018727
13496,0.7627084905695175
8104,0.5101933485239784
28746,0.28044604931564016
27100,0.654048659729277
3625,0.30809825558419535
16683,0.6473811595532101
7270,0.6553597258931217
13956,0.3339609320988279
12004,0.5940042831675587
23111,0.3978723007046812
13775,0.361776998118658
10802,0.424423884676564
5182,0.587386166490911
6040,0.5341391649726527
12719,0.49024388244878087
13270,0.32271537976241804
8557,0.4941967918679464
2229,0.6273511916148907
18902,0.2455995812988241
3143,0.762774430115012
14819,0.5503153137517707
604,0.6162672246312906
16645,0.3453189490779778
17730,0.4510835867939345
7032,0.31352540086897546
17454,0.4547196944690886
7726,0.39474017661404587
6218,0.6011622476986657
10203,0.37779796626225687
8788,0.5254338198677923
21265,0.13971782710970662
28559,0.6662384427359599
25450,0.4393102095293239
11995,0.44395191971419345
22593,0.5648054155015982
23517,0.2642499525481809
8048,0.3642330047247688
16056,0.6361652652104164
3888,0.5417788892461094
25490,0.6544979460087644
13290,0.23247424297935124
21730,0.25784049877831916
23169,0.3629979827579737
5623,0.24742536718563998
20802,0.1754287612110589
21279,0.3776981575162078
17505,0.4565258928907885
374,0.6513694222399447
8634,0.6165806290814843
13190,0.6597205281155674
16596,0.4155873193060364
24772,0.682698956313919
23905,0.6361599733801698
2205,0.4401115882432584
21343,0.6512835696369047
13164,0.49440998842398387
13001,0.38870055107518914
4691,0.43111380844249597
26300,0.24518756785256868
14267,0.6328752110641561
23941,0.49155083758543777
268,0.4442995611462079
20548,0.5075495961410595
13094,0.547862405989789
10192,0.6847659920531193
18702,0.5025148245131669
18075,0.501599827707918
4909,0.4894524313191919
6615,0.6255604337333375
18421,0.22197564736880812
4278,0.6849107200410655
11811,0.3528263430727645
17756,0.5554177023395938
27953,0.5575652492173818
2592,0.33353044976831464
3852,0.4654010316793289
3599,0.3963503594396968
25873,0.2710155226220558
13440,0.549777889044313
39,0.5793176272726394
11489,0.3514674923043068
16362,0.006404326146933166
17643,0.4293623154756248
11532,0.3181706993957975
22637,0.5809629063432525
5530,0.48754490706402104
16585,0.5299229629978758
10419,0.3102157067306964
1248,0.5219937576111537
25700,0.3548651645842445
22609,0.3876099931441295
15247,0.4668504624799263
4202,0.6254102070027188
14195,0.5012818659305694
10248,0.6443953694118983
13822,0.13672486259826613
13134,0.6620168486884651
12156,0.4250624850937083
16647,0.28654291715946195
7753,0.3300267862125423
20605,0.39615120456588904
7872,0.2051446373330669
19497,0.7279258508548002
29639,0.46296258022899267
19586,0.5856991255699048
3023,0.30287989358031453
14196,0.2500644460975731
26191,0.5301638777537719
5404,0.2749968965508107
10961,0.6046007752238335
25615,0.4559554033805912
23427,0.4338380403118564
2268,0.5086329795709849
17424,0.3019713916532314
3083,0.6340447146539004
18074,0.27831693304909727
9996,0.46209797057504914
23931,0.43182653832090884
14709,0.5810099721013812
125,0.6154997255407485
11624,0.55944335188964
26995,0.34808681365462374
9260,0.5366661153050074
27234,0.21400216041403142
4610,0.4203880661770971
10014,0.6099060905541038
8650,0.5597869942979713
3475,0.49774709707023673
14808,0.2718693482604684
6007,0.25180293374355256
25630,0.3817373546123097
11599,0.6959783857560154
22348,0.35252987504897754
13120,0.418470176230084
2771,0.5907948220061867
11027,0.5477667183010962
13292,0.3434420352219186
15010,0.5461717209778164
18651,0.38459174786335654
2912,0.5364226844190637
27833,0.4285302503520301
423,0.5127700618682102
8684,0.4145418276473265
1715,0.288318483637724
2748,0.3215291855958457
25844,0.28391863452183913
3547,0.802003657556813
8090,0.38463738554688337
7247,0.32463952545229924
24631,0.3821379810826948
16649,0.42562866123133203
8366,0.7388153657790992
851,0.5071767981720221
20318,0.6441085533047929
28832,0.44753396345182916
9325,0.2754141179077763
28355,0.45436989518590987
23063,0.3435622726916179
2820,0.527056266387384
14073,0.8380497899818763
24123,0.4388817528395916
18827,0.5379440670585642
6314,0.28640540869583636
19585,0.733738346085841
4961,0.559547637409144
2812,0.5586145761385363
9182,0.06320689076497375
12553,0.3359162465189445
27367,0.3586702359058238
29337,0.31026305701421425
20529,0.4900093918042981
16882,0.39911587927440567
24947,0.5577227464305334
25465,0.4119014744513551
16721,0.32509385712920724
4604,0.6357623083517906
4649,0.7775173483932677
23216,0.458278031011843
24995,0.6661394723109493
11858,0.6739979682397627
14906,0.4636982809086628
7737,0.5872152416623915
3082,0.3346777343345893
3805,0.7713178945596412
26540,0.7857126749940213
21209,0.5221733062747737
1563,0.6107767834370028
6966,0.5953607625472576
22130,0.2314366553363613
6535,0.4722919111833428
3434,0.5357324060498132
12445,0.49494966256916867
10000,0.43366263878682926
841,0.4100717163153573
731,0.20318876141635814
13273,0.4458393492218427
23060,0.3576655356210705
7729,0.612577289285478
22600,0.5079460635122501
16545,0.49353762651831107
25587,0.5317664629881091
2991,0.4912343993918709
27929,0.5743841753176239
29317,0.4936223551117574
21156,0.5425056506062629
15270,0.673486677595447
6441,0.3781861292144981
19561,0.5428670581831807
2495,0.5176835801254559
13271,0.3385585670941392
2889,0.6539363560700407
8583,0.4442333620444792
29273,0.6320280564419511
11226,0.46826266926215815
13970,0.49505303345338686
16342,0.8665665713842695
23728,0.4231562461414577
23212,0.504660633954015
21005,0.5543595503298564
26003,0.7620982945064961
19411,0.506994450024455
18365,0.3720459606626301
3692,0.2682637773327555
16399,0.44015674061840143
17755,0.5315449733828757
2260,0.029009821207727268
27303,0.12174051634397813
8011,0.7212537866730826
27178,0.28563662072626467
26289,0.5875105656357399
13528,0.4231239926335905
23626,0.40167714138544763
24974,0.31441819796248077
5127,0.6724483355250395
10823,0.38966595342141125
3663,0.4703057760318839
2963,0.4403030766737151
25413,0.6153309206080787
7605,0.7855903513910253
12987,0.4279120552379539
12994,0.4925200658204658
10886,0.5509089292398143
9753,0.4718067726498008
27406,0.31849661837177523
11146,0.5091940061060111
17343,0.48394961004110654
23218,0.5158908771690286
4370,0.6860860002481287
22756,0.6837957492411753
9946,0.5984316018590258
25459,0.6712237729551674
14597,0.4217342643448749
22970,0.2721066710873004
19052,0.5400025421824731
20045,0.47360120853818705
773,0.2457570120695877
16634,0.49682091316018867
417,0.4806922980840495
1816,0.37059190117572
23812,0.2513977274072093
28510,0.3470164719625705
2101,0.4034921364460622
24345,0.6439763417184938
19232,0.3426577575031065
14439,0.46931021630244585
18999,0.44896384172856935
18685,0.5371491926277051
8020,0.3962199218843434
16816,0.5699356443454163
18284,0.35297442666390505
12652,0.5228221424209765
2302,0.3175386868008791
11100,0.7007928817325073
4203,0.47288817075842005
8824,0.28534073039751434
11529,0.39598368303976345
8268,0.5636644082446801
6794,0.7350475148210308
7535,0.8019772348749464
8369,0.6672055550477518
16450,0.44925517172269513
20112,0.3215534129213998
19091,0.4221704345009156
20392,0.4079144808191524
18864,0.4920199888299579
18500,0.2797824187659947
6182,0.47362606623838
17789,0.4344806987430383
10022,0.5057748747741614
12670,0.504595078552565
195,0.5858888133921346
29264,0.0764167522648798
14325,0.3648188213380752
27774,0.6629361664776622
18501,0.4639198456138056
4010,0.5115375749147899
3128,0.3351806478629646
19725,0.3689140933673543
28895,0.7417009000292626
12195,0.4648933632295762
8499,0.5730633877053166
5259,0.6913118615494785
11509,0.32730677096858657
11435,0.6870873443113168
12305,0.2914164427933423
19568,0.5039302798859191
13765,0.5286675532656754
27862,0.6044496233435597
7695,0.6036158783085622
6567,0.5599613412937877
17928,0.42531111282623635
21059,0.60768468582186
4821,0.48931702646485054
20593,0.4972260877118524
11229,0.46385333740384943
26231,0.655692651796796
4036,0.4982104736149819
21953,0.5720173450252396
7277,0.5050752752440161
20554,0.4690153178452714
20276,0.4634394441072128
3517,0.589795964449172
13475,0.4987919038686359
20077,0.4034682746505777
10921,0.277222817762428
12839,0.6650067379505297
19073,0.591187497584722
3844,0.15749218531838804
18039,0.506994627992925
9682,0.5189916510298764
17400,0.5188712460399033
21312,0.487308691576587
14416,0.36081713363779877
459,0.8172657893563079
5832,0.6499989299425118
11596,0.2565633242084807
8283,0.12334146912830903
20012,0.5950154939828264
17724,0.5010528471697177
25035,0.4936022754083467
900,0.5601830031037623
2926,0.46673880997966966
15676,0.5831044740886818
6381,0.3507149926156979
19922,0.4166363437602712
14652,0.2671666727819613
24415,0.4550686440538509
19332,0.4998908142579312
18668,0.4411100599889332
7656,0.2562283873629904
7094,0.5433649198093455
9356,0.5047209300915708
27900,0.22654514769242926
3107,0.5516073337278119
25201,0.5108688473538849
12999,0.5325873021358308
20044,0.488269646473307
24327,0.3234137246772221
29863,0.5020369832376331
7056,0.5729754014906213
11598,0.4167941763567809
17878,0.495133498974446
19866,0.5071760500359035
12168,0.48696586727916474
19153,0.520305889984166
2794,0.46152113778134085
22537,0.3718292191902508
21053,0.5027174212605588
23591,0.6408161482150038
26508,0.5845341796293435
23604,0.6590503646474342
17618,0.5229653481040581
19574,0.4992272330764491
19084,0.5011843328331851
5245,0.3571995621431883
19235,0.6031387705192829
23355,0.3410884514345731
6539,0.11975751175434148
10600,0.01078458254116924
17209,0.2885875034498754
1011,0.5310468553125722
8487,0.47653039780244005
22396,0.518823310943867
20976,0.559836573027291
17800,0.4352043747123207
29133,0.49544067021352883
11638,0.3247981149446002
25368,0.3051755060324548
21631,0.606598028317855
28588,0.6676715714435723
21770,0.6432392438196993
24430,0.20311906557144055
14820,0.39217932514534404
25036,0.4026884947083182
24333,0.2696179339187354
7089,0.46727819306935386
23407,0.5512435835890114
11051,0.33945765227194064
8049,0.45020458482409875
19606,0.5056913206076336
10099,0.4839369994470144
14224,0.470426782398408
12035,0.7896021249838241
8977,0.262842190483124
15910,0.521287247849113
14055,0.5996383754863688
23957,0.5596043307921308
2422,0.5763387906380903
17598,0.4738326548469975
28982,0.352871806926301
18291,0.7377728353448476
29968,0.16037330831159666
16962,0.3578766347599882
25186,0.5253399972332095
16948,0.6393971636366793
1163,0.32425561466623365
18180,0.35211658094423415
25412,0.48879916656569994
24706,0.48239799494130803
6944,0.47067767896562623
16687,0.4924144553693541
26387,0.3814613206525536
10932,0.5909523361601673
18310,0.36698073559964106
14316,0.5585949608292946
1133,0.3931005597954429
24792,0.4440631939936041
13284,0.42312042320988885
19322,0.48442878698121233
20278,0.23608018237949835
24089,0.1433469148279953
4138,0.47481310530258974
14168,0.47631584200306304
26517,0.45674587816677087
14291,0.4112467650580778
10244,0.5628627145033599
13794,0.5224644386502776
22745,0.9360556067744428
2971,0.669162914460414
6073,0.04440770027982247
26697,0.421282436498714
7740,0.30829006351383825
5983,0.40275413414263134
23598,0.3257946410293487
16754,0.06309659651697228
3324,0.5456927557893759
7846,0.6013329568417572
3074,0.48605641185495224
10038,0.5197946227200978
1827,0.6558975030747027
5228,0.4883592300825286
22867,0.46760761399871925
1939,0.6218146471350102
27453,0.6271032504809975
15710,0.6740137934301207
25388,0.2795485684077003
25131,0.511041606378465
26725,0.3266774926118702
3743,0.4136679824255469
23965,0.7303286442125337
23243,0.2430176866535756
16156,0.3715671074886075
11905,0.6461144888316716
6886,0.37060388405980094
11065,0.5076930531056206
15431,0.4267610964236918
13436,0.6771573964443368
9798,0.38341177865544923
19164,0.2803644440776809
8500,0.2585400529583368
11893,0.7113924125351242
15725,0.24373572879199232
27017,0.5087587921394271
715,0.39354505380078453
29299,0.49543064007414767
3873,0.5187403688494284
7885,0.5596589776182538
18163,0.44817087817212986
16185,0.5190458646210715
26739,0.3827138028254968
29244,0.3860520545127917
5350,0.8491902491606237
24233,0.5198927032253232
4155,0.36241373761412116
10669,0.5107059727381945
24913,0.00014305338362371903
7491,0.2840312032964358
21700,0.5813512090890697
14744,0.6701537051408152
211,0.4996880392681036
11882,0.5528863495553451
4569,0.577431090625181
9334,0.49691788842016477
23349,0.5402113573361057
8952,0.47574125330034195
22253,0.2963146444249461
13192,0.4177225945282199
19619,0.16685880959239321
25360,0.533276054020854
10687,0.4233997331187332
9157,0.36531473142144755
1734,0.4237500435753909
22990,0.5776638181805778
19986,0.5336572632862114
25628,0.6066474662664175
19714,0.4585621612505582
11654,0.5414505357321527
14143,0.5123340154017194
24219,0.4158144178148761
25633,0.4866056429501749
27212,0.6395041013936898
25597,0.4713786104021979
6959,0.1625140282183144
27140,0.5822298428296436
29226,0.31017654200815215
19699,0.4165694988148372
3356,0.3770214212876133
14984,0.5057541859274931
7829,0.637859018469558
8618,0.5155566938148844
14677,0.3548407512933933
4306,0.4399988808855096
23477,0.5135743158318484
11136,0.4933143799453184
5905,0.4253505933389607
10797,0.5170466379014759
13280,0.5056200078589673
9849,0.6292484107954456
7797,0.6351797057370954
15697,0.6295389853497618
1721,0.5255716255923756
1332,0.3934223193435243
22237,0.7644087123955413
28057,0.29654106916188283
18335,0.1274372052423439
2152,0.3146309255279105
23741,0.6410630330762932
27524,0.6333440806143283
14377,0.6962944577814977
14393,0.6754591962693142
18362,0.37167550278813993
27329,0.2389695614317093
11622,0.20890501164142541
2947,0.5350135534558697
4412,0.32008658167558846
1540,0.3561493196025236
6869,0.7535033700517362
14591,0.7334133784140225
27599,0.35679251756648567
1685,0.4856249520657969
4733,0.5252716905018463
24387,0.6615932226411833
3646,0.46285794357223553
19211,0.23728808510486785
926,0.6652903506857308
23543,0.5108200870743508
10958,0.5658244993885219
9058,0.5020610022581303
7957,0.3522364213786748
4086,0.24833634701279403
12745,0.6788424496963007
21232,0.43135406573158064
10363,0.5031344938196768
17307,0.49405414847729706
26232,0.6482628853147124
19719,0.4096085136468101
16212,0.4300900447934662
11365,0.6389241688356656
12528,0.3195815022500927
14453,0.5784320368949419
8646,0.4534587389114552
24162,0.47434766334878153
27018,0.5526281848864076
27211,0.5556191640420304
18563,0.5927187547392646
7802,0.4931256511920082
25667,0.21178198082292554
7906,0.26237115252839643
15767,0.5163975190107258
17983,0.2713630436290521
26482,0.36277618606444845
6807,0.48336746038197376
7705,0.46399905512243317
2864,0.44459987023697445
3935,0.40003765193036056
25664,0.7599380942290056
13511,0.415340816794412
21673,0.7073439274212738
989,0.17668392940308628
15712,0.33298516981307985
10819,0.28792927743888974
3714,0.002107996518985093
21126,0.3224458489479544
27539,0.40011875768828614
27435,0.4881311699841669
15079,0.5346700761780615
11295,0.666934876299889
8895,0.521988176476219
16131,0.2833804886952713
19897,0.43466180364806833
27994,0.597184746372925
24259,0.41068465801282455
2354,0.6491692113750273
1449,0.3802298028808147
20916,0.03330204996973579
12919,0.5740588195347683
620,0.3460595636676265
919,0.42908197179556895
22158,0.6097296602105305
4143,0.10520115761114444
29929,0.5459462899412563
12127,0.48130372133454324
24660,0.6466376698164612
866,0.5044221670373972
8798,0.48523086642094443
21786,0.7525742672518551
22108,0.3213007021085249
21412,0.3574110296293278
12235,0.4196155438965415
12729,0.13587798892755149
11494,0.18094884519112445
10051,0.6956742089376743
24166,0.39213634398215563
274,0.5045734318776742
18313,0.4684010410123389
14407,0.6020303024029455
18492,0.39581465727248877
24979,0.5626515089347205
1873,0.45302767301577257
2891,0.577185433409567
22767,0.20300880526759993
783,0.2910951753214223
18070,0.3635822047525299
13908,0.38057303839567846
19664,0.5217169970776986
17836,0.6697507602899876
28788,0.5126441415377898
7305,0.5839553939332096
11681,0.6567071061864127
262,0.4348413326016711
18043,0.4674018885221202
21738,0.5121219011786918
13832,0.36616910504014144
5186,0.5166386668976648
25839,0.5738925676544453
418,0.47404650212045524
26109,0.29361837438600774
26613,0.3677808083211629
11443,0.22153017380692794
5631,0.599962921801987
9490,0.4975168240215592
5891,0.6176594808728327
9337,0.5263548061332973
1565,0.5112902399732645
11789,0.5434031727852836
8081,0.255075019669496
22547,0.6644992616628294
27161,0.3723884195172331
5092,0.15801873429346766
8582,0.7326342686411623
16541,0.13421021979718775
20609,0.6070383584867897
29025,0.7100472950164317
9417,0.6666231352510206
28622,0.3921505013162736
6309,0.5994711411358569
7912,0.4701494919090514
14742,0.4849997416830836
15509,0.5134908647637012
5848,0.3660967056753576
2039,0.25175133548318435
1735,0.7450452989416837
11527,0.5871523993021452
14254,0.6448104842245946
9089,0.5580599946239891
17717,0.34279569625369105
23843,0.5615441242761773
580,0.5018235489475057
13021,0.2740853267904448
29024,0.2670264048132703
7182,0.35833277940306657
14465,0.38835795850117694
17145,0.23452314974768132
3626,0.4463787453631389
10716,0.5985985554067055
19740,0.3919304885011665
5543,0.5595618316917735
20132,0.578645499138982
5610,0.490670169134823
9343,0.34913911737487363
12175,0.5030450832160994
1398,0.5261770908024276
11251,0.5227913978646351
9584,0.45938689959592044
15287,0.6508926912501353
8471,0.23655613173663415
6348,0.6853290397936904
9136,0.5156839915411693
17109,0.509439019445194
26456,0.5371681648174285
9034,0.6735164160394224
1841,0.4037461991284597
14645,0.32394694300543775
3496,0.49877775698540394
4182,0.22741451911493785
12795,0.18848191032697978
1301,0.711175424370234
29879,0.38346966680438505
1081,0.4958685009620718
3645,0.5066974477561126
7363,0.43822375823003124
7549,0.5505593473889234
29544,0.4804822018616033
3024,0.5641870758200039
1763,0.4987965348558643
22618,0.3518818052343551
28303,0.4986205918048708
23583,0.47044302923950254
24618,0.7576576939874604
11662,0.3615363509891167
11924,0.41094476925168716
10399,0.7017304209530257
175,0.4680921610227186
7738,0.5450094558336299
19692,0.42289625339725934
17287,0.28591042933911665
27835,0.7440855515403916
17490,0.25718228653240494
21885,0.3639499586653027
1790,0.4962771711064622
22350,0.30273387955559566
20846,0.4800270513296689
6985,0.4666635350538182
28241,0.6715998969148297
3917,0.47164910594736553
13170,0.6740702322252812
11724,0.525906690754984
28908,0.5001935745185838
3808,0.546293716894097
5447,0.2369515894455758
4823,0.5054336426317662
1967,0.32908543000840806
10914,0.5374485151501989
22302,0.49490300074622623
7698,0.611566627026313
13144,0.5487503071447928
27174,0.6473091569527903
16146,0.28427696518415674
26424,0.5193550266032632
20225,0.38792594646817946
8700,0.7255290001366518
21304,0.48764628494350354
20319,0.6337216249344748
20146,0.40889256675917407
105,0.357336451575674
1998,0.4050835840211427
2132,0.31680781067252467
16012,0.6249633435686927
9684,0.6329471775155747
25584,0.3060489816292504
5582,0.5199757511033783
5221,0.6620695982973204
25634,0.4436275849597992
19433,0.5908762489387851
7648,0.5136789209906615
26080,0.9586473571158476
12437,0.5062325105459016
29927,0.6163361489958014
6721,0.36772078881355297
22953,0.3936383549035889
1358,0.5989310164745366
10007,0.47262929448008745
13918,0.6015250697574445
19906,0.5804997326255711
25617,0.2750570738413014
16977,0.37252962826347735
19608,0.4784964776914698
21776,0.2984068513735316
26392,0.3457923059961627
26417,0.4529006998417499
1194,0.3067680544870431
25257,0.4973165308352218
22412,0.24960483891667284
19323,0.4778809269491213
617,0.5396995915435365
22940,0.0881471059692593
29016,0.5568902912594993
1112,0.4753320305687601
4365,0.6252462047436831
3330,0.4837003143210697
22979,0.42533127093968637
13091,0.6200684306232037
6712,0.5607575340660768
6644,0.4232149701660976
15092,0.3374130686844991
23084,0.7384096649850758
15653,0.6821602016319165
13793,0.5112646443333507
11198,0.655434605713761
18108,0.36610756298317443
27825,0.5654956408426107
9035,0.33135630618480366
8313,0.292396682966402
6215,0.2674074283536869
17483,0.5030473426872054
28468,0.6003304000392657
25956,0.29165204159219926
21954,0.7042411246848884
261,0.5175413639963059
25654,0.25843110360291527
24416,0.6204260878381285
4868,0.35013561950659816
9903,0.5630974608160085
20140,0.5390504870457113
8282,0.584256579610698
24320,0.4749981334241891
24873,0.6366394778216737
16033,0.5479347613047513
1395,0.49181299646181703
23865,0.6090001818796313
9545,0.35588914271652267
28094,0.5710802301405886
27812,0.35354501691299484
4481,0.2560184150825489
4575,0.46337883278211556
5461,0.3524279432097581
17982,0.4894330775340993
11162,0.47823329537727877
28669,0.5262351949376861
13266,0.584434530707473
28474,0.5100248634476289
16085,0.6080687181919129
2301,0.3548223648065179
16719,0.558149650306095
25840,0.47398096517602273
28626,0.4718333208220411
13980,0.4400264525886615
11090,0.7394000000916946
1121,0.6986928464068841
13836,0.4861794744578198
17321,0.5191296394432039
20740,0.29604651503750384
20391,0.41503649832787626
8422,0.4560837998222891
1099,0.48200143262396944
14477,0.37050163550548126
20389,0.48707497316535614
612,0.32801516186008683
24064,0.1660054168085432
9283,0.30919376192251996
27308,0.47087261507410666
23504,0.4982611441494987
3512,0.4655730133887653
3887,0.4880852796776267
10404,0.5061409438367518
15420,0.22461637886234123
8625,0.5428565602178509
23599,0.5039303967130384
15258,0.4500798301850704
3246,0.5497130130808214
14642,0.29258736512930034
13368,0.5911427908119339
2910,0.2082368142047216
12765,0.42062538172526587
11608,0.5077047609268249
19450,0.4939332245867875
9297,0.20341027099117603
27823,0.35475312206191995
6750,0.6413591889596457
2279,0.4725552139027304
6739,0.426768288599323
20835,0.4177083735143259
26104,0.46577971724643424
10310,0.49970308703484695
5260,0.4191198227365247
25445,0.5782746597827685
27001,0.3676773107536731
25341,0.6071655548576192
29477,0.6416417764756378
7432,0.5307542667915822
2191,0.6399067139986582
10368,0.4795722697647881
23447,0.03510452647952079
27909,0.1079463527744045
17058,0.4998551697922398
10709,0.5391037169887815
13405,0.6223018652439481
26957,0.4992824001477228
25209,0.3402554936980214
5575,0.03802485695118851
9196,0.5057119147500476
6114,0.21300820202627566
3984,0.5947270624185291
12461,0.49866628226052806
16117,0.32618205056725463
737,0.45050881206958254
3732,0.5569377091186002
28740,0.640974459273985
21073,0.5150596810082977
963,0.5634532084732864
12564,0.3728681086393834
15827,0.2690673605621751
7777,0.4625159725439751
21174,0.6013670024887796
29635,0.6091890970552748
4133,0.6005826832311386
21385,0.3804482057025768
11474,0.40863505717737225
14963,0.4866700867330555
21796,0.42735225308709096
1383,0.5789996662655791
9512,0.1669133279507151
22032,0.5241132968135241
12202,0.41254409245375095
20882,0.19834827469362423
12878,0.5882807526656003
7006,0.5916849821228292
23438,0.4286064697986604
4800,0.6135986832612453
14433,0.4544865545824824
11762,0.6462562756493092
20250,0.5501904888335104
29509,0.45624295653483554
7749,0.5734995590046538
4212,0.38242343372965865
23234,0.7525045788749001
25545,0.45132455592129744
2185,0.24044679371065436
12761,0.30944804580656
22236,0.6041400627231902
10097,0.39441594905756805
23614,0.653443201401994
16021,0.5055788833487028
14455,0.5100599737250276
16506,0.6038795575676518
18675,0.23640532955440285
16901,0.5506393315882989
13885,0.4311079825534158
22081,0.44794251688947123
7360,0.5332379807176667
18201,0.46501500076617414
9263,0.4964327635444532
24476,0.5658712703584549
20919,0.603333805642669
400,0.4400427692852639
18610,0.7876154407928427
15776,0.6941845794231027
24567,0.4420224357615756
28717,0.5290311054797764
19562,0.29165393450180543
23451,0.5694787713936585
14118,0.3153517558733518
19805,0.49319276797322315
7699,0.5818764118425994
7717,0.27552840153500197
20592,0.4527537415044418
8475,0.41532726435563067
10878,0.7885243253035901
9411,0.2814801942030554
15123,0.507020057386443
19666,0.1250303031714033
19089,0.5965937176827638
19328,0.5076979415759263
10863,0.5778447361196496
7887,0.03544012055531607
10877,0.6170962865919635
25211,0.4136574883766511
27144,0.6845898364423139
964,0.539461747863919
7077,0.2778892580441854
436,0.48767879489022725
6647,0.41590536845193044
5313,0.7346810295747913
29590,0.5370443084967648
8727,0.9565886792933878
3532,0.2063121777529178
25959,0.306086080098181
88,0.4156075655427682
3527,0.7174356781295019
26511,0.48527878406982433
13448,0.4371397024184855
20096,0.528340317102995
12480,0.5360881018787299
22557,0.3047375323546219
982,0.32846321231722314
5521,0.170069883140446
25724,0.6717843158756556
22906,0.5426803983051185
18167,0.570464275917031
14388,0.38108931921756284
1387,0.3766124566913058
25156,0.48586714916690976
13562,0.6824268715700571
26601,0.48315476264842533
26372,0.765066164480948
2538,0.4290925262189685
6211,0.67227984785075
12607,0.567271087998707
6357,0.513687933735344
4192,0.5353891674338475
9757,0.5174659740262647
13478,0.48581062857642054
8168,0.43725134412804095
15269,0.6634101353872578
29427,0.347812704690283
22603,0.43256108034939644
28134,0.28393924929437747
24814,0.46626227026789707
1480,0.48423345682662594
8055,0.46184400423291133
28169,0.292134872573284
8254,0.27497410676302675
24636,0.29933893932072014
12953,0.5758130447775415
6516,0.7072933744437484
24789,0.21358374336499156
8994,0.4824263384239593
15623,0.4921570775792428
23193,0.5960061621196487
9099,0.5501747500922113
28260,0.2769720487674779
23400,0.49359732401061834
27554,0.5439311601873795
13237,0.3008716281361438
2086,0.6481016049486209
6011,0.5579299869871716
10848,0.5832414490288204
7774,0.36433387261974853
9108,0.3116711001309803
102,0.16560550443916908
9016,0.5123330626007965
10344,0.20915602717259638
54,0.3597090961345377
7995,0.6616937710439527
9161,0.5619152248134357
4583,0.608582754674777
15929,0.6695861212965348
4546,0.1903187298910615
24863,0.4944989315666846
8386,0.6247654478787052
992,0.2691775334677646
21491,0.6499002367805444
2537,0.2296157479563621
10306,0.626272785124869
29975,0.37129628204829507
15618,0.5336850327042957
19218,0.576669310664336
26126,0.06939214686261636
7007,0.3395791952400451
20980,0.49503907084445126
3239,0.38619394511924315
28189,0.09164996191565918
81,0.6010542196547893
18206,0.37122561736972376
23462,0.48053638838593155
15808,0.45508441532840066
29508,0.5289603396992585
19749,0.5342371350145746
3293,0.5511005723745434
23846,0.4822074193691261
22091,0.19144451827717127
748,0.7069259785397106
21918,0.3486199680785667
6603,0.5656808961925833
22444,0.05065598903982893
2433,0.4253503818936762
9652,0.45222671168894474
9655,0.4806569686654932
7028,0.6634007838420767
12108,0.15046156312941913
28410,0.26421455951801853
10589,0.030587087018756533
16375,0.40001292911613556
26628,0.28717131189839534
2406,0.4358853405271457
9878,0.3671643695222229
6510,0.41009973478092127
4968,0.5851656899453032
11740,0.09920601334157729
27650,0.6898665966581166
14894,0.4497417790213763
7639,0.3685770307967922
29919,0.3227873434820779
15610,0.41341723022288074
18318,0.3633261502877261
15459,0.36520232301497996
8255,0.42040009994712074
27876,0.5340745208904812
7843,0.5893076010484392
7442,0.5509255329466768
11490,0.5070666256153159
23025,0.6289728395898148
15521,0.5100490583715015
3337,0.779183686806246
20456,0.35486005889895367
4470,0.7577313719974302
9703,0.3579503914382856
21928,0.22243721906154978
23487,0.2662469695388435
21505,0.5368552220721271
20715,0.7171390846760937
12170,0.442539982328587
11556,0.4357008200493155
5492,0.43501875658594163
16227,0.35741439626400306
11975,0.5823149094677514
6027,0.42150373966320553
19439,0.4453863307078704
10960,0.396035186924232
24237,0.5406100041068731
17987,0.5484640341525057
14777,0.5558484228958758
5935,0.28157130087963406
27254,0.46733813976802363
29316,0.3176667122015396
24955,0.5332623095856633
19752,0.5137000667441362
18808,0.2582971241718799
10897,0.6429252248843341
11562,0.39056207957868255
9317,0.5830342613306286
25863,0.6263393971118597
15674,0.6284044481289239
24872,0.34571490153039736
7211,0.6172104648941676
1642,0.46164956210611957
18562,0.46064591135705785
22099,0.6273660678360798
16222,0.2948068106463924
22160,0.5242866231211346
9335,0.5109829076027605
16295,0.6281215760327487
18799,0.06999771943972662
29999,0.5801445189314134
9695,0.40586014953352567
25656,0.482090976182012
12524,0.44833012155688484
2041,0.4625011053204197
18801,0.4242234139266506
27732,0.4486911679811388
3884,0.37880067991599525
29216,0.34179308407298153
11682,0.22930128768206112
9175,0.5250456268059366
26640,0.40009630183328354
6500,0.3755278212997381
24840,0.5033858485640955
6498,0.28448933578508717
8169,0.4476930311259783
5767,0.5145079087707228
20868,0.30077624528765284
9452,0.3200683569765915
22882,0.6462408048649757
23923,0.36706467243809526
18476,0.4311539879444634
15090,0.39694114833668576
18845,0.16913107708899897
12051,0.47215256760191276
20300,0.729520697407914
14461,0.4781230558129015
4773,0.4071822641346848
24137,0.03824251598815611
29347,0.5532979817515762
12282,0.306309782649665
26734,0.5980128047484462
15363,0.5132837653289404
23120,0.6364163722144457
17192,0.6101720658281801
24388,0.5323800254341085
2374,0.47645268855904677
2593,0.4619560810305002
8497,0.23677916257503454
13839,0.5817950706303092
26233,0.5004704506267437
12545,0.5518443920121515
13542,0.30259401078056003
24850,0.5325932158303308
6394,0.4896933937824299
800,0.5112365749201907
18783,0.7286059255171559
5593,0.6654163854077214
3242,0.4314943472901387
20190,0.36087652242373913
1917,0.7459808877293049
11669,0.5810206277855589
5387,0.5304043858043109
3580,0.5130358849902712
3262,0.39086196926664646
10048,0.8475042698271875
5211,0.194224892342308
20879,0.6859282078398854
6250,0.08288024970325976
25663,0.5665362806589432
12628,0.24706358738637013
15756,0.2382582106102695
7838,0.4066957764462375
12683,0.5411720759384573
1009,0.4879497084910189
11739,0.1324104691332764
5734,0.19136005791556207
8379,0.6676337248182885
21098,0.5524065490752124
13430,0.49359835463952106
9789,0.5291703039227783
28093,0.3741541181065249
11573,0.5095415493464365
22499,0.46494279332709665
19321,0.496418946051343
17267,0.6615425274928347
12055,0.34354673271639585
1983,0.1563786465370896
15977,0.5278366016960779
867,0.40241963637564776
1329,0.22774560060584825
6757,0.56319779629354
25996,0.5508804529509294
22734,0.4323433811279734
19076,0.3758489746185166
23655,0.010196990019153947
16329,0.2522806330429457
17168,0.47019448019944665
29743,0.4466339674116468
27946,0.4657618518431625
6695,0.23560938764291195
19755,0.38205249617277187
6443,0.5254945388264562
19622,0.4913109540084779
29138,0.44564135288330853
13804,0.3612353848311134
5867,0.410690855885733
28793,0.43314985156114677
3813,0.3821238530365669
11270,0.6119366768269466
17314,0.5229303896011971
14395,0.3717172519786887
1173,0.5701855664863117
21729,0.4606634868258645
29780,0.4343135385565106
24790,0.5850963367491957
19644,0.3035776788503732
6069,0.5005664195700829
80,0.451619076481808
6035,0.70633306491505
5802,0.763026811145194
20756,0.5718522487465214
8777,0.5340332423624022
26075,0.5256546149813558
7807,0.3613165119768677
7267,0.49453230127889175
5256,0.5182795336438445
18960,0.5291435156895518
25293,0.5589780751548408
4530,0.4286337844203794
42,0.5970703622541998
7206,0.6657130357055308
3243,0.3177308339037325
29898,0.4768377415655754
19065,0.615618200392859
22004,0.6513560944991647
16118,0.6861457019729803
2941,0.5606774420125044
17876,0.35305210744147925
19613,0.49130681055236086
2919,0.40933318412227515
4041,0.4013201222538241
7358,0.3186444305539673
3003,0.7238980925201685
25427,0.5032441819433291
9565,0.4596992550386145
20761,0.6516299269856208
13376,0.5852035839964618
23032,0.280293510799104
19206,0.35611489099989063
28607,0.42634280466069013
7676,0.0061634262471892244
29768,0.5081045271292065
5421,0.4109638028078342
23815,0.5466653716076013
10185,0.6900109825321202
2965,0.7271338331198692
17828,0.3472199880076963
233,0.6805288376198398
28005,0.6191744073313439
26561,0.49620132853752313
6718,0.4300650962695826
11461,0.5575698474001325
21731,0.36288574636433807
6162,0.4771402302327905
4340,0.48845361466251674
6060,0.45566662211091497
3255,0.2975019249308263
16781,0.39885839207279417
194,0.42936455121405137
29705,0.49422965706942446
18608,0.23677865421644376
13117,0.5421994410529025
18666,0.30338964148475656
11346,0.3220245491808435
507,0.06464616007590514
11130,0.5570646078757345
13972,0.39150334754601596
16912,0.3791598252692778
26536,0.5940780221182623
15138,0.4930914106771735
2264,0.40588077897324576
8396,0.24469947952906768
14612,0.4847138101777
5114,0.533469434661238
24477,0.4893971697679553
15394,0.1995369794581395
3228,0.47210411901995714
14640,0.45296260905304764
3035,0.6029421013763151
9658,0.5355820355508774
5529,0.12267446594321334
17550,0.6060195668257377
6239,0.38214904571128994
3902,0.2988362995695367
18798,0.5590708455731871
13402,0.38569601699514905
29892,0.48093040230598083
3987,0.34612707000388787
7936,0.5963764720328789
20128,0.7702672700542702
4255,0.1606527869983142
27869,0.5634716727627272
9650,0.6093502315287199
10918,0.5481596672400174
6196,0.43489307405308336
9938,0.3563976029752854
27785,0.5072919331755513
17363,0.16956930348488433
12816,0.3209920549458129
21573,0.49685802987290417
22659,0.24794582980998003
3120,0.25395436505020785
3064,0.523107782349587
15069,0.41963168506935977
16708,0.3194534490559932
24485,0.5058665122444937
4929,0.5672295925701387
16689,0.02984982417458472
14107,0.456971436774043
29885,0.32928702212156374
17199,0.6505954459072738
25841,0.9438730970867448
15338,0.6265891588546036
22003,0.4658146057440651
26600,0.6217766905096487
823,0.4009744826283539
9389,0.49517185288629934
10028,0.5562947336081311
8755,0.48420459484165906
5955,0.48653988460488645
19221,0.061454048934870976
4647,0.4664086911152556
26419,0.31956202938090644
28605,0.41275864310999627
16442,0.44080240623025935
17996,0.4040985899544082
15110,0.5869428408973133
18803,0.5974556512999712
22548,0.30846377142921577
10108,0.46278724747734284
339,0.6250040361184498
15777,0.30072423436439827
18236,0.29179166294522707
8071,0.5425460618858156
13699,0.23850709296144412
6656,0.24383027361005494
17926,0.48914713296180906
16067,0.4966726204788257
27521,0.5810958211700232
1903,0.49693092623534224
22786,0.6979700367132993
12700,0.653600193866429
19681,0.4334220993682966
14110,0.5979900502761499
11758,0.5988507692470787
17863,0.5544683633934243
4741,0.5189612751283939
9024,0.15512345290714835
16475,0.6071696805050601
24482,0.10720682483493753
24966,0.5998812130579526
22203,0.4435483602849213
23340,0.02311341305758818
3466,0.3448446267327501
9508,0.30534619200645907
29585,0.5913199934569783
23662,0.4914294997416442
7649,0.3226194621755372
29798,0.25094364559846155
20249,0.3536241356816843
13846,0.39395963923993077
2994,0.28189748507109874
17648,0.7640407595988185
11267,0.6053135231812594
5435,0.5153988279487026
13507,0.4466041393475146
1377,0.13014179855042868
16879,0.44216261352854885
3760,0.36328002527388065
28924,0.6359927581273256
27586,0.38016849336450903
6076,0.45350968749972315
26603,0.464800195139002
7045,0.31336241755551203
25411,0.3320759894321479
18974,0.5006488618120969
18198,0.38918068163886915
21709,0.39161636388324056
14319,0.37760584884936416
11252,0.5583868996797565
27165,0.518232849588406
24133,0.0808774450519139
83,0.5159101401288934
23145,0.6074328571994598
25028,0.43352906088668225
21426,0.5373051956558932
14656,0.4886934432582424
18616,0.3167068993189293
8528,0.05733679396217476
26133,0.5162689626127418
3366,0.4993769150058475
22581,0.44733164136549625
21416,0.5614605370979944
28180,0.6707627592378375
13838,0.4975508948645903
1005,0.3678118824584331
20253,0.3163614782060628
3810,0.5062899868870141
21798,0.6760173533733451
12514,0.4285371312116559
2613,0.37040744937556164
1426,0.4242991069072544
24343,0.34036860317530193
2239,0.25490474195760376
14332,0.29107630540466545
21977,0.4659623751303253
29455,0.521988176476219
20150,0.5942052912995547
20521,0.4651041893515034
28456,0.5374506904070991
362,0.44512186333814974
12415,0.5086053798595613
15577,0.28541751596143555
24196,0.6423694456572546
28530,0.43587449067452066
21292,0.8357686222204771
9783,0.2937506438966034
980,0.3512843135799393
18193,0.35176387614931803
4697,0.42293787664207816
16733,0.4497318715710805
13505,0.3748909513967251
15155,0.5823789290817779
25454,0.41942114082156734
384,0.46398390683934093
25523,0.4236940584103635
27594,0.21604166530957195
1321,0.5351391078267863
28167,0.298840516593015
445,0.6965412826466859
24742,0.39796593391803986
21142,0.6900717526772203
5162,0.5556107861899527
5668,0.25268741391585764
2645,0.5168175526675362
23055,0.4717405181764693
25680,0.49738356742640377
6221,0.544822604780391
26968,0.4147494330704434
24254,0.52006289369104
6804,0.44301033471947077
21871,0.49463114529018787
1550,0.27572768404462894
23592,0.29270080131808357
18170,0.4660702259700813
7110,0.46928470565741004
26493,0.6055681789816366
4465,0.486379859657688
23875,0.7457231207259828
26690,0.4565409381551735
25340,0.508687701656784
13829,0.6256095659437997
12886,0.35241442237035514
29531,0.5313372739192824
26347,0.43740519492824076
26950,0.3648443082432227
12507,0.613499570560718
13416,0.43573948794000145
29659,0.5767417017784444
2948,0.528637102912424
3832,0.457219472109849
5883,0.2578107173859416
12665,0.49189474907756486
2273,0.4807392764256681
2130,0.4904300747386663
9211,0.4877664530191204
8309,0.4967199063117265
9123,0.33395538452138
7835,0.5902195518963693
27510,0.4626975796770319
11327,0.35781257353534857
6777,0.4968332794471089
15578,0.49576493724311016
649,0.6559532478643133
17915,0.6272646333913408
10504,0.4905145930663653
3101,0.6708804441798545
29180,0.4908715697440738
11388,0.5049406790628389
25424,0.5324302409755158
9973,0.6912802546593407
10751,0.5562644674440442
11824,0.45893654502242426
5258,0.3378894730428083
13673,0.4674713227683241
7204,0.4643327778483393
9322,0.48231932266614735
53,0.42157661111856126
27926,0.2716356792457328
13491,0.5332691400672095
26242,0.7440731571187499
13644,0.3965488825361391
13427,0.5498013600851579
16107,0.3285146871111328
205,0.3240091301524221
21903,0.5329242527192631
28677,0.3890173448490078
28727,0.187125569076087
13924,0.21261189208632505
19690,0.23550480250726727
11800,0.3683839434504455
9360,0.5149921890011381
3632,0.36894428980700394
19739,0.6459190091412045
13146,0.5938532457530886
10712,0.6964810756258193
23791,0.45949370447908905
6154,0.3958821138051772
25999,0.3835436776655882
4175,0.1869479319258465
21019,0.05123105296732569
18097,0.45847852884936585
9278,0.4511958215331317
21038,0.5906529885881732
8521,0.7196158305618526
13788,0.5346560728014574
18967,0.23860892756486093
292,0.23935095570225437
12536,0.41371255041214233
10074,0.48058265636699066
13606,0.2717032065715429
15537,0.4707460196782298
2530,0.39633918882138414
28409,0.6139852104128839
8436,0.24950999502656082
21066,0.4590151102074999
26489,0.5412234539396418
20587,0.6463089976967827
2020,0.388050643652452
13982,0.1984960632022348
2519,0.43896615899652414
12610,0.5884733741572169
20115,0.4649853534834465
18353,0.3630817000974897
4661,0.33539116554830334
22816,0.3247367741724155
10545,0.49124290606186355
3979,0.5839895335393337
9552,0.7831436400768131
17677,0.31308800079311433
11248,0.49642468627087677
13943,0.6078418452162909
25014,0.22469664826605462
21622,0.430145574129219
26934,0.5041363196966097
8623,0.5796766885707862
15192,0.4913360878923168
21671,0.47782651623028016
23192,0.29131259439156415
10753,0.5571171123864719
17658,0.5543433527412938
10011,0.5178178837451817
6548,0.37224509257056737
29777,0.5129717006936195
29906,0.30076153927841337
20695,0.6046898635982134
14704,0.3589205838520471
5347,0.4524292230075447
20273,0.39841993342295307
15300,0.5448282970330603
4776,0.4354708541149504
23112,0.65922110669237
21284,0.49416335091238217
3943,0.23306352353355542
8863,0.41638964795595856
29526,0.4034695517869176
24679,0.6029736739878978
28811,0.39454660828444066
9288,0.2795040837339437
22869,0.479624977954832
22427,0.2092890030485409
29730,0.5765039065926613
29447,0.5912874628654983
3020,0.2347759344767372
16623,0.5351190886084416
14249,0.6472333158682394
25338,0.7409661535338851
15735,0.45360166997021184
11798,0.4047830852573362
19907,0.3533911826179252
23754,0.5722281354317982
819,0.5241994187638993
9499,0.6120044450562032
21522,0.507139372838323
24531,0.30172662576737524
3672,0.3375443901198791
22342,0.5583982019000657
17670,0.6046990861278916
28837,0.48979312126504587
20749,0.5209633371436707
20728,0.4452353852950366
5920,0.4551349067129376
14272,0.5715113884346772
19236,0.6841378593239984
15656,0.584181349241404
26679,0.28448378571003713
1686,0.4206020559915771
17873,0.6035883434781822
25713,0.5327761010728511
9922,0.7120405263384679
16452,0.5408571416710419
16828,0.29175356062459495
23187,0.38583912229966494
25509,0.5150808099536616
15006,0.5503153137517707
8030,0.34729492475781926
22027,0.3638823386279409
24338,0.8492403764609016
758,0.5210648298445101
29129,0.24932017689475797
17281,0.713684132962042
28405,0.4887690908310664
26162,0.35244025874715984
21222,0.48153270904115414
15985,0.5284543851010542
16602,0.15554639918915686
19555,0.6167150035729319
18649,0.37699810382453286
6066,0.6662205469174212
17573,0.506584954409113
28068,0.47293938334821034
22031,0.46939895290009387
4680,0.4856884058012055
1484,0.5180937335492345
8229,0.3151836659602197
18247,0.23637884593949263
18255,0.46502870507443017
7942,0.5760353365245102
21725,0.303157051408882
2469,0.569417667352737
15599,0.5541142635264917
7955,0.28947512060852304
22635,0.25119892685750905
12769,0.3830632097483357
23544,0.4988372070408998
11539,0.4134430464637477
16741,0.4048298372976375
16036,0.3071677185168134
3721,0.6600863649563119
28097,0.65007680274445
18240,0.5029059433635344
15514,0.5770556429363274
11129,0.7288656147212172
14530,0.3249160924301375
3529,0.6786030893286844
26958,0.6839200283730172
18751,0.48294544236375775
21159,0.3163424216173019
9943,0.44689654217748087
19717,0.2792204126327817
13934,0.5247360478379078
29130,0.6865945038211342
18221,0.6411145058432898
19556,0.14304884986016378
7158,0.5617586355021732
14204,0.49931803477114384
432,0.495790917692364
22124,0.21930949626693388
19625,0.5778823803853623
4602,0.5125335264329113
26756,0.5792173132431486
439,0.45538034916804815
5369,0.4117145576316772
14953,0.15348417730622546
24492,0.49042667803665124
19952,0.583184593274838
12653,0.4940935785503555
4434,0.40539631833101525
6476,0.4910665349349479
3784,0.30867840942113256
10116,0.7117839072514256
19174,0.4261870630075877
10929,0.2806727538690528
25536,0.495772830955356
21508,0.5704617596438186
19978,0.5310807592895407
14723,0.4890247577559646
24673,0.39879352070787305
5831,0.6354120380967472
15382,0.46273288268175267
10726,0.5610557778114286
26160,0.687844552719354
13409,0.4721050941689571
20502,0.6302058932285629
1872,0.43112443657313565
16027,0.6578274741628906
6633,0.465530903275545
6573,0.732378540632665
26778,0.7143427431206799
26023,0.5639764940116305
24529,0.23104511054260005
15021,0.5826573698903129
27151,0.47115651012838206
10229,0.44585645232398347
6160,0.4952363659082031
2839,0.6316913343998919
7960,0.19041634665278853
27761,0.5179829136020284
3791,0.6173815246255413
14503,0.35749845848500295
26516,0.4235301221944261
13798,0.1220627036836154
18836,0.6126472591778865
25780,0.3264610234525636
9768,0.5062068317099877
27810,0.6448194144355143
27237,0.5158720749641
23260,0.5048012693703416
12655,0.2760674980998627
8170,0.2891782166221404
10851,0.0331000712881575
26187,0.3405378463094033
2379,0.38718738886662846
28705,0.2726484127842094
20988,0.48564551465091355
27169,0.3405433784191338
29194,0.3517423578365544
9759,0.2413409885558937
26994,0.5787119975309499
12075,0.5957428256147196
25378,0.4214138766200491
24535,0.47927202616395653
8412,0.6318761890882657
27064,0.5443451839882794
11131,0.2814141600388522
21150,0.2968406559547579
18315,0.331900549715974
26541,0.7157336223226042
22909,0.4768044205756869
20058,0.3164664793361409
14288,0.4326601370283439
8831,0.48818890671601817
21022,0.46543393280855466
24300,0.29325295835346227
680,0.5297665928626425
21470,0.3651108681012938
14878,0.2602829649688864
13555,0.45432818869107267
21308,0.5109971869148776
13883,0.3139123344288469
12339,0.33428889378341475
10309,0.5667793210449057
6139,0.6033245342071912
22673,0.16116847165178688
21076,0.6895439903034019
20113,0.37270767274369293
19633,0.4709424179937907
8522,0.7562872858603158
9827,0.6923200531121102
21706,0.2666937565949418
19500,0.5655794238601524
817,0.5559470227212598
25571,0.5039565470347385
7466,0.1507026056860927
22416,0.6607566175539618
28320,0.5271637365494519
25486,0.7437383802171847
2115,0.5655422265690895
13758,0.23947418571104004
29599,0.3053250280915674
29246,0.27840795407872926
13158,0.6426633531504715
17244,0.5489809314139318
10862,0.3763547623853407
4737,0.4015815891969056
7881,0.6522290672082282
23312,0.3892148978400287
2692,0.33797423517475084
23510,0.42200939587715486
16236,0.3414118799875183
19315,0.49066125389850085
17039,0.5184978473071119
25903,0.6424621186449695
19344,0.44994346461110446
3673,0.7744291669013711
16780,0.3922330507924427
21300,0.6294973545269206
27242,0.46906010698645173
970,0.7232746117990123
26330,0.48814722224290136
12739,0.3563943347887255
14669,0.6077949405883017
4801,0.6575775214717362
10143,0.3410726916086076
7394,0.5965185399330559
28581,0.359189014611271
21184,0.5262121626558232
3623,0.6278918548757465
25885,0.2841433655807286
8735,0.5159496600663735
19647,0.4092067803022541
22103,0.180807515418456
5410,0.5645474718018949
8651,0.4473765667404737
28247,0.4614627465064372
1979,0.5089684271328966
17976,0.4891183427799652
26255,0.49113651977238026
13502,0.3691189589959068
14328,0.4563980121341597
10536,0.5629922233453212
4310,0.5120032110427329
20850,0.3834970979856422
22305,0.6949311778238622
8406,0.5052613562926603
25990,0.4143892001299967
26425,0.5387882474285046
21302,0.17771423713017895
25216,0.6764894890875489
15340,0.6328612029347854
10837,0.5598198460582927
27738,0.37450075891621126
11331,0.457970697709354
27092,0.49748324323461635
28802,0.46432986662213666
822,0.34683831561653244
22510,0.382778926251866
24801,0.4175110283908468
26095,0.5094871711640772
26201,0.13037964647392453
14533,0.317554481338244
20874,0.45177883222116816
17416,0.5400719887587796
5285,0.4936890167945403
7679,0.4854790001792723
25234,0.7227363171620604
14292,0.48281980591172197
11922,0.6641032265342376
28952,0.22673705732192354
18906,0.577157191827252
27580,0.48197855684220126
27433,0.6097218787797198
12123,0.6291636233104839
18105,0.2786082893506408
254,0.29210307594555246
10219,0.5133935977001074
16293,0.35085767147694263
6217,0.7193581437395039
15823,0.5553376836901541
1502,0.574849663591512
22008,0.4089048277930935
27040,0.4441252130414739
22941,0.48871189474081983
10566,0.3117264399425426
29442,0.43422808256314066
14870,0.5926813597974275
17089,0.23872429337605586
4837,0.5560066863391213
1832,0.3028322284249407
13946,0.41478778777405106
8751,0.48772562878429343
29430,0.5900415717905135
14711,0.5746016995939872
4562,0.5662509583555716
24257,0.6294542978319204
16059,0.3576853251207495
11332,0.5842178267325557
23913,0.6352295944173504
20134,0.31336972406702207
7115,0.39542455647182034
29165,0.4409896701479643
1044,0.6703557267947257
9750,0.5797561246871177
11985,0.36277846362295724
25292,0.5774210754001106
27829,0.4731386601206267
25696,0.6043194704547773
17596,0.5211091940435694
25152,0.1637583217003006
9013,0.5201893656150639
23494,0.6161282061801219
10222,0.6837826225816577
21612,0.31041801217455683
1425,0.6914191349262993
1014,0.36613560098753317
26835,0.5283847028442215
11071,0.6731288404508505
15492,0.422609521236361
9853,0.6638789283919756
19499,0.4377841202650012
16903,0.3162219733659671
4919,0.6396874602190076
29628,0.5217772295953909
9963,0.6690659394013524
9831,0.28518870101285226
14421,0.6543061186620543
21240,0.4876561848225875
28682,0.31477322078441294
21261,0.5358337922104864
11607,0.46166575636570273
10062,0.6743951778489446
26787,0.5362364216204375
12021,0.6548945432843882
5991,0.5353118716164967
6934,0.7281221994888853
26899,0.6103264435318888
10998,0.7204154017087029
19144,0.4645295927751103
14375,0.35879812799775784
25944,0.4405975765103531
6200,0.3606084092018951
25557,0.41249207379836017
10987,0.4755489002813909
10019,0.6075045217812679
26186,0.4581836977816229
24726,0.6798759144874132
24818,0.6198958175144259
21373,0.14598492682841002
17693,0.3292679932645856
5930,0.447707404205417
28778,0.42156884546660417
13915,0.7123844454241052
15533,0.4949463682954214
12782,0.7641726412063689
11390,0.35715568227540634
24277,0.3526139449443999
28794,0.5076991603496183
2641,0.5140152787774691
26959,0.22423019885402493
23220,0.4710039109947664
18168,0.268013125003649
16607,0.6782001925227746
20645,0.4305803054076985
2929,0.48189158143310323
17001,0.5575734232106327
2565,0.5662667343373011
9767,0.5312287579586269
20185,0.05671758267273444
21149,0.5276757661875134
3612,0.2923730816372545
28782,0.5021313968578531
18546,0.6329731722912456
11219,0.23273566273184101
1307,0.43863818774794017
13523,0.21833940817505174
11349,0.32749088421036393
13076,0.5571963985954763
15760,0.4435735147907422
1574,0.6344944448053647
22138,0.4911937499819638
27930,0.7226897521426032
1673,0.7113955130403081
10005,0.19829289764153823
151,0.5906134369255064
243,0.6886337052680079
5227,0.5351227394531485
24033,0.5098908499338749
22424,0.26685306698977856
13830,0.3776399559022873
11783,0.4007767710174494
7229,0.47502762728206765
26645,0.65725982679681
18695,0.30455073712611114
5013,0.5225443510953917
9119,0.46951531387270456
27484,0.6114759892447812
13174,0.5087858447582935
11522,0.603312653923985
28939,0.4792820284365363
9168,0.4903663594148931
23719,0.3005671330377148
24527,0.3261143521816061
20192,0.3653487973290431
15159,0.4810638333978657
18528,0.2818538690710368
4377,0.2809944475707376
11460,0.5156183679799757
9940,0.43061792950500327
16646,0.2386385493146624
2808,0.3446736580657075
28653,0.2897367548721238
221,0.7632459973629898
3939,0.9291815292267865
16536,0.623541962036012
27941,0.34675820683317293
4880,0.46078451440394547
12379,0.2251677888636837
2844,0.39810429025004823
17135,0.14822833091867635
22985,0.6109434877962574
471,0.8605077234014104
5791,0.49556614227520884
1414,0.3110211527332811
3764,0.5703181864691501
10525,0.530372804416853
16097,0.4843334979769877
2376,0.5103239730447678
4292,0.4876951398817879
21467,0.337260972041266
7933,0.33691279255173484
23665,0.7482505654386463
11455,0.2547337525093956
25599,0.5000494621135458
391,0.4017411613470618
7935,0.5206739453513322
28768,0.5862096799630956
16336,0.5583886186199357
23891,0.47841886594148103
14834,0.4441944590626276
23014,0.5594642772263078
25805,0.4182041407028945
14557,0.3373564093320673
25174,0.3043498707343546
24907,0.18322988766450152
1078,0.38072785094278
22328,0.4444807845436674
24190,0.3858293925610692
16609,0.31048316886352195
13954,0.6097926132426598
20455,0.4094836634044124
2902,0.4299695119455398
1495,0.539774779235415
18285,0.2640209336427926
22147,0.35689705576193015
3964,0.27434398601220705
10656,0.44315063414861755
22135,0.3200933076292945
3892,0.607643042808831
14378,0.6724473818126717
12909,0.5800980845420042
19448,0.48412152191210645
22543,0.6981580443775058
15425,0.2681233206472245
10350,0.4335993682234216
24304,0.3751885216864356
15988,0.39083604583818415
19762,0.6538559223101336
28544,0.45443715436613624
18390,0.32542910327689173
24635,0.7318098264466159
19078,0.7161589080195329
9631,0.5334923605079737
3885,0.5241289877505692
357,0.647268017633444
26394,0.28438024748254304
29860,0.6742874106718685
22126,0.5830342613306286
9901,0.14707405235205398
13564,0.3151306876645788
26076,0.7347101701791806
5940,0.5202980750574128
24552,0.5322295793828676
28859,0.4597775025915662
18226,0.481527511764449
18241,0.22091170887354208
26630,0.4067839808187879
26325,0.6344965874867338
2811,0.492217059981652
17172,0.5553416451158827
5070,0.700319614497909
20360,0.5134714714669039
28261,0.5129619773487802
17704,0.8226757384727991
8531,0.7042134898297912
948,0.6245247631872503
8472,0.13055483663173711
18919,0.09627442508711781
26069,0.5265286982155976
7092,0.23748200901668307
13138,0.5101923774220264
27039,0.4588852267369667
20059,0.7192447303466386
15116,0.24356838608282724
3670,0.3171357793201532
26127,0.5053338249841174
8821,0.6084301777673943
12018,0.3265283863321145
27529,0.7335172570802321
2733,0.5923762500126394
27550,0.6170659266838978
1003,0.30577519365331157
4896,0.523539918159685
25682,0.5217475931341421
24483,0.8514772710132802
4736,0.5094671561229885
6625,0.46306558917766466
1205,0.6645960951099084
25645,0.6798709220687775
26058,0.5750926724616807
3220,0.48737842890462124
11577,0.35980420862508705
17127,0.487923911510707
28556,0.3719119093856465
20731,0.5171027998808512
3176,0.2941794615322263
573,0.08556555859101223
21704,0.5073842958047
20127,0.15752351629957373
11287,0.4546774764932085
4703,0.4106793357312614
1407,0.5799866761954741
16776,0.6458863826903993
21568,0.3477229591685022
7961,0.3655457119895171
22707,0.6911183579229182
23081,0.3612444559858064
3125,0.35967566428995495
2597,0.40107910951915415
2615,0.7115672184796974
12417,0.4636980467202166
6716,0.3484487328209201
2461,0.4444499466949428
8241,0.11642284333322712
19854,0.4798904861611109
1718,0.4800589902611674
28352,0.1589077761653005
11569,0.4832767248243947
29100,0.5350805824535808
22664,0.5413772101114569
27798,0.5407165070841821
14449,0.3198483681787605
22284,0.38423418045672736
23532,0.545325693604534
12236,0.39693303202301133
10076,0.6737753587425725
15071,0.7676357274154665
10985,0.46480563991655793
16620,0.21072769040828576
6651,0.2882896749840928
4,0.7496380051406795
14528,0.514746348836511
4034,0.6253044315301873
29275,0.4775727181443798
18447,0.5559247704999949
3954,0.7039239858974432
20102,0.5674804254709757
11444,0.43228659502711225
29835,0.5491624818098215
17144,0.38649860394033714
23838,0.4790983947224096
12001,0.6554388100679481
27708,0.4901766442515076
17651,0.39332611183392685
15145,0.4719702128968759
29881,0.5668105792815928
643,0.5279021473394335
21102,0.5238934225534324
22274,0.7448979906645187
25751,0.771721022930619
26841,0.34693601730189966
20877,0.4463209428085191
3864,0.3208338795390365
20902,0.7632411153092762
12820,0.4754805666662238
14414,0.47942307667231043
27608,0.25888780648097487
22033,0.44431192483686877
10096,0.04648515101971377
10355,0.5183933449812866
2187,0.3333022559880104
16499,0.2580547138123464
319,0.5234614087501098
12946,0.6853338895806446
6260,0.29098622170402294
2255,0.5491770667915895
25266,0.45998956732822444
27312,0.7566653554971555
1254,0.4514212445457764
19591,0.5299037964825758
16864,0.37738177008023216
25269,0.4944094169523652
6482,0.4830335619291177
20480,0.4287309101397896
13201,0.4602984766409037
4207,0.4633088520128354
25578,0.5360843949087005
11555,0.07613125056638435
1518,0.18911356632007748
25729,0.4611883451825732
8053,0.5058438514828453
26967,0.4791966535182281
3455,0.4726165358114455
12090,0.38862221578425843
27291,0.5050247120583584
23869,0.7100940980782987
19387,0.49547662356833416
20568,0.5879064944735978
8114,0.5199916670154506
12481,0.4977570216742831
1392,0.6474554703253662
12220,0.5153983010305719
9028,0.6389997697801914
21555,0.48016966122998633
16984,0.3029677636325638
7662,0.04086802753659927
12523,0.4159651635264699
1315,0.4861658146057186
3295,0.5749185234866788
23887,0.5544686499357886
8285,0.4135213176089629
22386,0.6753508245167823
28364,0.2766729073758021
22837,0.22768691334810645
763,0.29177424179012307
2489,0.6348623453347941
29991,0.4016871848520003
17660,0.4361099752262947
2507,0.744117846928516
26475,0.5543233494225307
29610,0.517153081498002
28206,0.4061337760841683
7029,0.1945516231476021
13404,0.5008276346291728
9431,0.624972720250474
29878,0.5973272041718805
4323,0.6069370290844772
28522,0.3818166257720246
24204,0.3236504832434928
18096,0.5529053976440644
17702,0.4867117392830304
12399,0.5463186757882603
4048,0.39577319302596475
13861,0.7606700986956508
14213,0.41238522268230177
5943,0.36626375892832447
4707,0.5397900095583751
15166,0.5758296874709544
5038,0.5162283469376346
17043,0.6447451899229953
22115,0.48267968940958667
9781,0.48848121771366954
26483,0.5419185751729193
21233,0.6397218510207022
14868,0.7489903871783065
12238,0.391214686085713
5986,0.627041889678765
23263,0.6032126587285015
13359,0.6432777606085094
11960,0.3254038290150762
13168,0.6622977441866321
19124,0.7414944488111824
14299,0.3773279577920339
12537,0.6435603889882127
28030,0.6127620047098817
28490,0.29919458780454117
18924,0.6204797249344562
10173,0.47978407939159795
10204,0.06075570735803521
9822,0.42693586027560065
25431,0.44939406925798514
5642,0.5927636311456105
24248,0.306912587355757
8988,0.37009379219002586
8375,0.5231986719160883
11559,0.4996161531836272
23163,0.6182970912462724
19768,0.4366212280165576
23428,0.08937802412699702
15947,0.4813389356747752
11862,0.5147219408596526
17990,0.48714067459749577
25270,0.5949601373824978
10314,0.6471675066423275
6997,0.5709189482757498
20193,0.5204834634969844
420,0.5341207472204049
18983,0.6910656978115041
1342,0.28663666094465595
6464,0.4089154490896811
11586,0.38430556799851084
5544,0.19303733474552853
19333,0.4052125310384303
14793,0.6591527770291287
5966,0.45648788931400847
25256,0.39753128120405085
28044,0.4793391303213393
8177,0.5955556713395002
20958,0.10404132350873141
21810,0.25761146297842247
27316,0.19435298007261026
22566,0.4798693261884401
3306,0.37738046938597175
15718,0.6676617158985536
5344,0.34151040765562923
23842,0.41590062959924134
27216,0.13603609724758606
10633,0.7379152378773451
29417,0.11861425533802962
13588,0.5014502367432548
2057,0.5211473126788929
26946,0.4865657850260709
23603,0.4660806455577999
22068,0.33558502852910754
13248,0.37746416535091304
20953,0.40330675530452753
14350,0.3903484881291066
9718,0.3706661046534123
18151,0.48870929823068954
14266,0.4007327956274221
27497,0.4795251698639565
6220,0.23932054682255907
19601,0.08517684779935834
22005,0.47799081976106117
6190,0.4001599349461122
11852,0.6001184014059412
4169,0.5019321342400279
2701,0.4926802430690264
11750,0.4134318637971554
2680,0.46227311615263283
23368,0.6101376136088864
14866,0.49043920808357006
21366,0.3983474178744697
4877,0.07280862364526476
24336,0.48519539303307974
8818,0.4481966608077119
11957,0.2938216543814429
19996,0.3987595628839295
18929,0.6173382582825736
28161,0.22926080745783328
21689,0.5422049413176985
12149,0.1755018460682223
18052,0.6141514045493266
17803,0.5362864163658276
8815,0.6608866585704366
10380,0.5549242035089856
24467,0.5542701708880742
641,0.5161369021825544
25927,0.4173924584586019
8280,0.5002248292401444
17671,0.5484840325974946
20001,0.6669865862747746
6444,0.5827605877564492
11907,0.5269101451685952
25879,0.4987666743412449
29438,0.40198971847705584
14816,0.44193059415009056
3788,0.34687148133730283
6515,0.6233174708110057
14280,0.2782150772362622
27555,0.48731231327180863
20826,0.5761716841870969
942,0.5899672251351653
18888,0.5865859339918451
11544,0.6268115276760772
10540,0.564060713679015
1019,0.6020716690622329
28620,0.34700681781374293
12454,0.5618322297517676
11174,0.6328590957696977
1406,0.44281138919155505
24164,0.3091178169303426
14733,0.46185269995366635
13322,0.6006068490898113
18111,0.4012295841760789
25331,0.6602342424832165
29220,0.48297016866884634
1336,0.446222475207705
25191,0.4506327834156696
20753,0.44079272202634745
12784,0.3923432211509896
24202,0.4449396718518401
3133,0.6977837789144526
24140,0.5640378529510836
19337,0.5013851817177862
24808,0.5117575994242146
29819,0.5096779763556385
4140,0.5488580383230576
135,0.4914251099578424
16459,0.364798695557173
29118,0.626837615580413
6737,0.6674396729182069
16904,0.46748440902978877
4124,0.5084319539424661
11066,0.5620647798022053
29353,0.29023924407877805
14013,0.45136720186073603
1384,0.8250999902697167
5107,0.370795959704526
8489,0.4283077531793502
17349,0.5161882428259624
14192,0.6286464145438888
1849,0.23252806178961008
15325,0.3007138900919856
14236,0.41244619108313146
19600,0.5272986008032127
16992,0.17645694044166194
2303,0.4643465474351618
15048,0.2132971055955012
6761,0.3729802153743132
27533,0.5769461357209481
14681,0.2515408037213344
13078,0.6357412991730218
14931,0.2165078388701828
8117,0.31068858495067947
25894,0.44428059011186827
9461,0.6604414869066123
15681,0.48997580645370675
16507,0.4854761318665195
12912,0.5598928039817174
17263,0.8123773617506399
14015,0.5923173041884365
25405,0.5592188365476091
4367,0.5640749424092147
12059,0.5734671190819474
21635,0.5074722905550759
20871,0.4748958060643485
9003,0.29387884851101154
19438,0.545460925139798
5764,0.3501695351533891
10417,0.3493933677086498
16361,0.5396601340033641
3021,0.5095020534477059
1662,0.5163567825495577
204,0.34619340928208636
12138,0.6137321522504023
1445,0.37050825451364894
22710,0.7027560147583408
1428,0.568928861824256
15250,0.7701469202105206
2995,0.4674696213313128
12271,0.31290013425493074
12072,0.4354698878909808
12826,0.3306480750995023
28288,0.6606269543306905
22145,0.5720280217388076
22114,0.48069965085548866
3236,0.48242691528332576
28215,0.6889329536924191
20444,0.4871835805194302
15992,0.4422891862964051
1488,0.4522682364095787
24350,0.36243233855084916
6840,0.5028643770695879
6755,0.5928895165471224
25029,0.632047721675988
26798,0.2739349305869896
25974,0.598496442564599
28595,0.39928017852822895
10866,0.33946563353418435
9154,0.49390514507401545
15331,0.4966194080992275
16579,0.4603174406437302
15535,0.7745345541235276
810,0.5174299528517943
29229,0.4870768032470189
14806,0.48671288579315536
24811,0.48389080107365384
15209,0.2818005619511063
19071,0.6045304876792819
5936,0.27079764823249586
21463,0.5380665708772246
5718,0.3714155247884263
23379,0.46766743980900927
26933,0.4319584921141
8338,0.39363789539280175
20914,0.32864937758936313
20234,0.3253318272193266
26140,0.5087690207590748
22562,0.3723156040095707
13052,0.47881697301973075
29370,0.09849522051713139
13909,0.5060629322664286
11763,0.5457689541532244
4702,0.26358791285854605
5870,0.284315955400108
7288,0.22416914050635342
16406,0.5980688466650018
10187,0.5907394761031989
17392,0.36769473972677025
29972,0.48530282164794025
23804,0.7139931162539819
3425,0.49061701737855595
20963,0.44772470903610245
2099,0.5391496393434215
24630,0.45061859665163334
12126,0.6321669582490873
29171,0.0297459270412454
22204,0.2749484661402574
10885,0.682429704712245
26137,0.5049782278079611
11913,0.5105026518519217
28337,0.5422841409005676
5336,0.3998224456177562
24663,0.6774457358363577
21217,0.6217455783829543
9594,0.5234367367534886
18982,0.5416768198860478
11245,0.2421476048384191
11335,0.35936993984293625
1564,0.6375758984668543
12087,0.47879412675433386
8639,0.45888189940603413
26291,0.07233281195965419
10911,0.47129097298370315
17599,0.4426254412099137
17526,0.37207844299298526
5253,0.5813351922397304
14583,0.5438291870782374
17296,0.4882072218795897
9713,0.5704427552417456
10611,0.36579680707854795
9446,0.5881337417667888
4955,0.46909675419055036
26671,0.5112764879557085
28651,0.12116291168560643
18758,0.4838258028005309
13612,0.5186168321836963
14781,0.3716900173921933
13225,0.31772468546034843
19573,0.4518689446990039
11595,0.36442719533110385
8532,0.7109868246105008
27197,0.5135666747880788
17542,0.6524661071718333
20155,0.6919157341247444
23699,0.3412273817899436
21466,0.399120842870547
10303,0.3903504600056343
26983,0.3162741364186407
27756,0.4572699946278003
25936,0.5235143998507064
3796,0.5395191865933512
2795,0.40063500634341903
14227,0.5339793080391128
18381,0.48956613122096443
14456,0.6524332048116125
28455,0.45213937341751514
27190,0.6802571308825662
6102,0.34074664406870364
13299,0.30551208909463456
1402,0.3096046245331017
6024,0.4983997541000386
9209,0.32408374181888505
6183,0.8321615466000073
26335,0.53845095571608
28222,0.5450923653917589
21275,0.525069394362982
26673,0.3152783097476605
19151,0.6839140476527307
18887,0.5570055232600258
16262,0.4105271204851158
58,0.5606882220009983
29512,0.5910738780317464
5552,0.48348021224538024
7542,0.5025868086921043
8825,0.47497661505432287
14938,0.42934898119109716
9912,0.0010088870353870151
9926,0.5134714573139235
17770,0.5727895877651847
3697,0.5155642241361956
4008,0.11337265764232014
11370,0.6126454740129342
23242,0.4480021260439906
19103,0.3874658604285856
11653,0.6171747840844625
21797,0.5339332225434211
5306,0.28555728943649356
2135,0.5014818242888226
17623,0.4532527903729299
1390,0.4614640238480307
28909,0.6157617408279775
3718,0.4694376389250234
4693,0.6686870178263246
10132,0.5456124482950931
24092,0.5806285095307168
29685,0.4539163869624209
4387,0.43957481019423533
28710,0.15809493316255274
18767,0.5146122609488253
3890,0.4854775306762122
15503,0.5564153517270461
18290,0.5226376957938355
1856,0.49999416909258027
20022,0.17372623035186807
11845,0.526254906169447
10385,0.4974851239191391
3174,0.3244339432805105
21872,0.7063307416359389
7327,0.3862068033639609
4712,0.44209558688175976
3795,0.7603559573887076
29914,0.6060783710331065
28184,0.32713788365585744
28635,0.45537308084444933
5999,0.5272892242473752
17159,0.5701972492660484
2451,0.2971137332849548
23180,0.5769704290975519
26053,0.5649011531798901
26113,0.5008762294705791
12281,0.30577184920804684
26098,0.5598939691270118
3837,0.4986241085382705
23966,0.5028662302219699
8314,0.6152923036299263
11164,0.5568406159900208
9847,0.3578756246672998
20407,0.24907375065141157
8943,0.4818485664239474
29961,0.11729788257732025
18609,0.3324602364854375
21309,0.4870553839568121
8632,0.4956229835913801
20337,0.9320821567706753
9341,0.6643537017647912
2481,0.8619881357273623
4476,0.37342789932455905
6851,0.41007086877022275
13540,0.4099004305747369
793,0.30132780778403984
19614,0.5896401952806202
22948,0.39747642390800403
6720,0.5905318109642322
28772,0.37801163500183593
5567,0.2861553981435057
21672,0.5299992931636205
7759,0.4929818133666388
11451,0.41709594758207374
29833,0.584477098407805
2833,0.5242246119096515
25971,0.4694584444013636
23721,0.6665868591859923
15248,0.5312710835373311
21364,0.4388378693962263
28466,0.501718106993641
18438,0.5633887599269253
6795,0.6427991293200463
3322,0.44749425615557353
15448,0.3435879771952392
9605,0.4954956743029295
16128,0.2546648734240518
28332,0.26876389009326934
23380,0.7398547158882174
16171,0.5717236668620833
9927,0.2111857785895823
6785,0.49312612694140096
7883,0.458636293253981
4792,0.7456569255403345
29172,0.5739598844338181
2786,0.18755802970453272
19370,0.40632116244655075
27126,0.539120364336153
16768,0.24515872465779687
2925,0.5059617793880841
28435,0.4378768400184641
15478,0.43826523166954584
26766,0.5126504823482115
12519,0.4291026254180695
10582,0.5627984767124478
28064,0.5084961497532122
9887,0.4119304970317142
20323,0.4167574775280247
22092,0.3726586839358958
10989,0.5983230967119827
4098,0.550450842900722
22105,0.5001333817906823
9848,0.6719515848962748
13841,0.3950674141304577
20943,0.4531107856760254
20977,0.2090914601127268
4802,0.3665088961590303
12210,0.3328309863754923
22741,0.4396248751526089
1102,0.7330743868613943
1311,0.7847940537754653
14203,0.4872928266619551
14214,0.4828832229609797
19400,0.6039163558216067
23689,0.23323490920026704
20066,0.27907309726766977
19596,0.5008772967492511
24827,0.2816382635385893
4870,0.4196163405351614
13902,0.8207002803860551
26655,0.6026687142352007
18738,0.5039904026944139
15588,0.21264886655370555
14335,0.5608466244151619
27196,0.2790232421726743
22303,0.38305467949647637
27993,0.16939980684965014
15989,0.34177443801435176
3397,0.5080189160502452
28545,0.4707793504600932
21544,0.20293148489929036
22314,0.5018957787512126
26244,0.7587115483842841
6278,0.3084776506472708
27943,0.5065810621020534
24163,0.3849633603141578
13495,0.41722691863629163
1038,0.47332445221576885
19709,0.7125430781946841
6662,0.30796288274871
13620,0.500358985412091
24885,0.5792350975841933
20088,0.5836864637354424
18891,0.5617096218314394
28818,0.4931090016091983
26435,0.5059414417534576
5800,0.645266580431814
875,0.5337002936092506
7421,0.6577775449620321
8311,0.08442847623041905
19112,0.4498477696465937
19576,0.34783933575522424
21561,0.5279789597307541
2822,0.38659173922520323
4759,0.693482351055097
12743,0.28714617580915647
19544,0.464658255390991
12812,0.5463197394943334
3511,0.3580776493245162
29108,0.09465068738081057
16758,0.4114087605329295
19191,0.6410029923573067
4908,0.6352053188397584
11727,0.28782577541290555
16890,0.35173379320323667
18640,0.6784981572634442
9513,0.46909980265220824
13785,0.4246758266797272
23932,0.0305967698787445
3576,0.3306297654782588
28318,0.5402354090940645
24670,0.25326863641598285
2842,0.6439471941359984
8683,0.29395327607045457
29214,0.358113479557218
3069,0.5644366088557392
11369,0.39574633784670116
4433,0.1645155986176855
9669,0.5078855960490015
10346,0.25281814048825857
2418,0.7780468009748841
26376,0.6778254309110293
17005,0.6027422774771104
13243,0.5594118418515094
27392,0.3280286831891722
1520,0.6826912873157397
20913,0.46680451807202844
4578,0.48487292800644544
723,0.7624585788747752
5320,0.516648808490158
26921,0.38246237693979185
9921,0.5467968133868167
3403,0.5650141633151814
26685,0.6005247215692275
2803,0.33760975877480276
17217,0.5486184330659499
14833,0.5608497601612725
10496,0.5947784934880903
22799,0.4942621706854351
13098,0.4378272065266103
17009,0.39873419708028407
24005,0.15911335369943783
16364,0.6620021857918414
14052,0.22868500926563706
2355,0.5523308742551567
26833,0.3641893857346637
25126,0.5062592321456652
15662,0.19251569481178787
29724,0.28201940121738894
18181,0.5736241381376191
26904,0.8045105419939375
11776,0.5914547722373511
9374,0.37465734831895364
5364,0.4147314662390025
20229,0.6311914413181342
22755,0.5595249427743992
787,0.5556916029573307
17564,0.4886729505995193
25159,0.8205596177512287
29032,0.35978312701735615
29922,0.5528863495553451
4021,0.42024058584768786
23551,0.20452038246427176
29758,0.4554121895890766
918,0.21972678089684242
14188,0.5013160668666822
11645,0.40137490110482216
22957,0.4423131913266463
19431,0.6068969162421624
6858,0.41138559686660364
22525,0.6547417430929577
3059,0.47677398724274633
13929,0.5620755251365642
17098,0.4490799740218829
3515,0.5065673041268458
13509,0.5042987079812358
29222,0.8261893834933473
16300,0.43070839437918873
3552,0.5422320897697231
6318,0.388993763820125
19668,0.34845325098605545
11441,0.6032109354909653
18325,0.39234934976855795
19751,0.5717750839536824
15267,0.5114254110189999
20567,0.666992046808074
28491,0.4608850355082221
10900,0.6187008851846164
9525,0.3296845809173912
28252,0.5162690473750963
4513,0.2979264784681823
29771,0.6364170571714342
16144,0.4101223864936936
24549,0.5091372467301197
13372,0.6141054453556682
5770,0.39520297289023887
18792,0.4170726155873681
10690,0.4934750689753771
10794,0.6185442399351689
29482,0.4611420375322645
26122,0.7186801241152936
18734,0.32845034652682936
14837,0.568373159396735
27189,0.03053538211841345
24436,0.20828186950074803
1614,0.479730481502542
8636,0.5730306920238708
18110,0.5178649710310417
24290,0.253705519182735
22923,0.4119992422493431
18898,0.2934584009007383
18671,0.5414598562255672
23579,0.41875600536612767
26712,0.41047216504678374
7770,0.27768025975608635
19115,0.4386259795733621
7634,0.4582132811146659
22229,0.43569810926987484
26373,0.3914460084662374
3649,0.14799740976930884
24513,0.6280797143013302
11943,0.4803384510643283
9195,0.4114937174729638
9068,0.6675082935700437
23527,0.41635441676700563
4895,0.43034663496101516
27158,0.23402773395805754
29443,0.5142878884871848
17031,0.7884877771832657
8262,0.5747073424480907
10359,0.4341894665672131
28237,0.4519322872219517
24002,0.6047394613724402
20520,0.29638240812503497
27248,0.4737057402050633
14600,0.42104238709447456
26666,0.2241936781201255
2223,0.41349277482972274
21437,0.4080720471220631
1084,0.47784362199698927
24426,0.5059466660886742
13660,0.6800029626518328
22439,0.3548864301627102
5250,0.7694632176730032
20946,0.42861643801550503
14130,0.5222782573734207
28477,0.5205816826362475
18995,0.5268158418703284
6920,0.6142083646931997
7826,0.28918999811840185
15141,0.46244341867105376
23986,0.5057268174543204
24045,0.5475143711352692
21121,0.46266819751158056
6016,0.5978368279033597
7949,0.6041158828867369
1299,0.5401256425101743
29104,0.7520949528922237
9327,0.29135033073285677
16103,0.5095843096494724
21118,0.3736586721062049
12768,0.15938135200882672
26548,0.216690889868301
16477,0.39227047904451556
27243,0.11349128248714381
23259,0.5559955725979423
1379,0.5484246004591122
6709,0.1509973877720623
9096,0.5075380473067498
28492,0.3941808188758984
6130,0.5676357050329296
27680,0.44040043563796555
6543,0.5129078889025864
17242,0.5709362802413146
3191,0.47770725358974775
20601,0.45304492131090973
13851,0.5385855203576574
5340,0.26445694731375696
25500,0.6008116956396489
15793,0.504211767649623
7391,0.4039593337309329
7283,0.5732595901505501
20401,0.35707276356453965
15452,0.5024576610288006
8850,0.515521151735821
26338,0.5047482243992998
241,0.27741713330986917
7137,0.5684839177991133
24580,0.4743155085362982
12317,0.4953600264663816
18225,0.502366222258664
24711,0.5787178619878243
21562,0.7632287737587881
23501,0.6400304262060992
24837,0.27536466096402074
21039,0.5075167169805187
2721,0.380937681244402
4692,0.5678150122152634
4570,0.5153492779064887
17376,0.5357487244792827
13194,0.7395990151401913
3022,0.5932648673794257
28453,0.6084713638611939
26953,0.5935831375102424
593,0.7094078317547243
24598,0.5506534267058444
25319,0.31295164295416583
11709,0.37604614154271676
3772,0.512569831562233
7657,0.7354561257756981
7412,0.6574802293927451
13303,0.638073821229006
3254,0.40522825329114576
24722,0.29048593630397634
12172,0.5492650961205028
28076,0.4986599904014151
25613,0.5601261755598618
1782,0.5772574297216275
14758,0.45257713303636143
17874,0.3315267339093629
11463,0.4569476141484514
28007,0.655530768477457
8425,0.5821200726603505
12854,0.4802077200435062
27020,0.5110516595868868
4634,0.639040791094537
18589,0.25597485369739087
2214,0.8250218868887188
2841,0.42626313374855335
11779,0.543181874517071
24329,0.564366231369172
13229,0.5246377000393067
29281,0.5297134488503111
17204,0.42259288622985663
4714,0.5224502188832617
26351,0.2941279163169692
7297,0.19704057319515433
18962,0.3405119770410074
28413,0.6525639295231448
18729,0.5875652663455374
23261,0.4290559894269396
21583,0.4864649568507136
15379,0.35099601588599966
28532,0.33312835233910204
7330,0.28018839976583015
11050,0.7011263028021916
7978,0.4731087912436191
5715,0.3538926195483901
15832,0.15972729280298506
20791,0.6088498646504612
8756,0.6709457932918567
12134,0.3655571828255429
5655,0.39386153997793155
9741,0.2724548536111914
5342,0.3346306642856582
12219,0.773290657572178
23920,0.48937446713972355
29075,0.4367978622582476
5523,0.4492656781286753
5236,0.5478207903192587
24500,0.2863992097898564
17186,0.4872931546361947
9989,0.4213816961307833
17758,0.3306352828210519
10331,0.4851311361133259
27848,0.5643772690740204
8017,0.5567208621561816
20198,0.47891186417039333
26677,0.37240353371108625
28447,0.605783005869804
21486,0.5681265019063569
13371,0.2174607235014192
17359,0.6429702017378621
16588,0.35648894496229816
11722,0.4600900898174462
5695,0.4913369605162023
15197,0.6370222582423453
4596,0.5945759774045127
11242,0.48719747845280487
21740,0.8100931573571543
21212,0.4906705653713416
4424,0.5447420045419423
23509,0.4815472980094788
21494,0.39174643826675276
25082,0.5048522336534608
9944,0.1128042038526691
1825,0.44266737966347464
14329,0.2903820855241403
7437,0.3899909531490809
26552,0.6549994340030255
26768,0.37928818681496873
6688,0.5778575874311148
10113,0.48391214386540504
6477,0.5013356604247745
6717,0.4901341411952301
25326,0.5835791199394013
12543,0.5784337842148201
1964,0.35852050629363985
921,0.4019354385662887
1583,0.5252516430724139
14245,0.5896739713922463
10665,0.3995492702176317
18833,0.585323316887694
13658,0.40448081267679364
26177,0.16755126501275544
26576,0.5008100772588991
17522,0.3780000637516121
16369,0.5384537500244403
11590,0.4560223865424111
26280,0.47289190949628684
17271,0.4578005077395098
14607,0.5302783642457198
26747,0.6732695535463171
25009,0.6628550212750952
18063,0.31567816540322263
19563,0.3327865021023228
15198,0.5925417602360928
22488,0.3198256740809884
21324,0.45814074223832996
18179,0.43122275534655213
8044,0.6297279884808322
26785,0.47447081285153
21250,0.46471032818263264
27924,0.3318420815650604
22112,0.07280576901507495
8726,0.563347137359062
19767,0.649537732093321
16610,0.6317865472906233
12521,0.40074031006142663
5816,0.16971730384868078
22411,0.2748305838325928
22880,0.3756294563554223
22400,0.3778746976053944
25625,0.5780290060422947
10464,0.15595301986601456
103,0.3117076682279066
25447,0.3343206203629397
10045,0.5589698882302949
14084,0.5549699422871238
9062,0.29181883359092303
7597,0.5476952622526071
5984,0.4780514697112072
1408,0.4579318140344821
18629,0.30161024912102175
23238,0.4318795667052477
12016,0.6171109915493919
23954,0.3980668952408477
4257,0.24067265767275928
27543,0.43060797710780596
14022,0.14406187573252527
13930,0.38405210931449724
15384,0.5547089657301303
25320,0.28307750603561926
29101,0.6664986225249684
10535,0.49210035275893044
10210,0.3920789450943021
4000,0.21483872362724443
6460,0.08273952240647191
22753,0.3245017952796996
9588,0.32079151268966677
4422,0.2546916597448982
19434,0.48841705232994137
17119,0.3149208074151547
12619,0.45758526928128723
6986,0.19719745820024367
1481,0.36368015794581404
12217,0.4450677708882431
13489,0.491171262603806
6935,0.653783347639279
26643,0.7033116302341402
11135,0.4996233520724845
28791,0.5264743352880273
27947,0.4102916918284553
11901,0.14239961552759875
15174,0.5410883778234916
2818,0.38113816869216643
17579,0.47234216350541125
5034,0.15878683149582742
13616,0.2922928309645647
22975,0.21611506889876017
29944,0.3614193586525893
2091,0.5164172881286694
29088,0.5093269743191526
6862,0.5667069235164762
8512,0.5503335009700135
19176,0.40974142895587534
4343,0.6661237841761779
14973,0.4984893026010617
20650,0.48931894827049116
24131,0.2787022690259211
29227,0.5119035320966184
6778,0.47706382826801347
15576,0.18198851436734018
7488,0.5393205187094067
23664,0.6872151428090217
6834,0.36428617472198965
18355,0.535563280544741
19648,0.5494540727544355
5477,0.5441381886007846
4653,0.6443155628142677
19261,0.471590153497559
15501,0.5336640241539327
14402,0.6235477700908655
7702,0.210081285400897
11708,0.3830508087769449
12996,0.5833906002755876
5969,0.4123508584787819
18189,0.38810548630288083
24124,0.03444949880228073
11372,0.5031060574536617
6566,0.583063523772288
13196,0.5950681477144854
4540,0.2403137169691595
24960,0.43114602391399687
1918,0.5270497525413081
2077,0.35153310039676805
20602,0.16775316753332895
8615,0.23757074446030046
3392,0.6334560557976281
21068,0.7340877514440974
29852,0.5982519259991198
28729,0.48031103387981894
20793,0.4355522179050593
12382,0.36884252553601
19037,0.5913050217323295
26319,0.4437212822238317
2207,0.5053072518692397
25248,0.4379302161495222
20023,0.5623912784534187
11005,0.4075637068483746
25730,0.3034576264437406
21532,0.5420001660105532
21286,0.3616805981358224
25657,0.3559623000513326
19736,0.5038064131723891
12368,0.6863342541443801
20222,0.3254034275551413
20983,0.161694014185547
20014,0.12906529215886367
7505,0.47528943864425727
8040,0.4735790746971178
10037,0.4666983106675408
2868,0.615754032465326
28627,0.5742115400797524
10767,0.5093333100106388
17630,0.5823751043449144
18611,0.0941290103754867
22375,0.4074166929857827
1845,0.4592191131439974
258,0.38495444688319097
16644,0.3937165589896611
24443,0.5631270254841588
17616,0.497852998435737
8542,0.3278019298858736
4848,0.3520426106236669
7320,0.5139088025156487
2626,0.502117218916307
15368,0.5277479218816259
11431,0.4354704179825235
2129,0.18878934409987888
23383,0.6269131447030686
27298,0.49958644874770664
15217,0.32323942602473493
21020,0.39840186472318556
19969,0.6921702085206606
14727,0.36183751392720254
4865,0.7153773555162126
18865,0.48463376054059076
2202,0.44434995580734293
5526,0.5974690645096938
3968,0.34668022758189254
11698,0.5804039199586839
28647,0.607642633366621
20861,0.46902982758753503
14346,0.15249549316629554
9603,0.616298949324124
718,0.8235907786551588
10578,0.508520465206388
28784,0.4482443609487619
29684,0.5066294912880798
10130,0.6503811146123164
5855,0.2576128969272398
19811,0.7705596334614625
3418,0.24862536838543473
7334,0.5658614706083509
7890,0.4371245869241134
7923,0.683428998763615
28051,0.391237239447421
11,0.46406927429431083
27179,0.4338071503541708
20176,0.5069744863036373
712,0.5821534211641113
27740,0.5973321289878003
14928,0.3293914369589875
20921,0.36180055804165207
21877,0.7560294315130479
2245,0.22130267653716548
28191,0.5640271586517643
8665,0.06564827918315987
13287,0.5252568424066051
434,0.6495550670087007
21317,0.33628348027762195
22391,0.43089921507697465
3028,0.5225491819142862
7658,0.5321082211074946
12730,0.5113886892027669
18251,0.502933238624704
19855,0.36689933874830105
13683,0.4666035367953773
26010,0.3171966756826206
11760,0.5019355407287651
26987,0.7094879206368246
28335,0.07154019669240233
21661,0.37007121686254
1535,0.4471189239406607
5583,0.4901619231659056
3210,0.5748852452443755
6089,0.5789062187621431
5408,0.4313040914751853
2078,0.5838373700197139
11639,0.4662975895870069
19517,0.6763281246213655
8588,0.6618628776954706
664,0.41046362466400693
1042,0.7097222681518366
23998,0.29691740895785984
18576,0.10625505842900779
25846,0.506382011663815
2310,0.42616200828884127
23837,0.13391187316702186
22036,0.43844965848120504
12351,0.50867220479717
28529,0.5422554935758089
22052,0.7055248446078183
7732,0.506274626696602
13099,0.2270858617668615
1255,0.5772551339842199
2298,0.6632519201287143
20430,0.42836976952089884
17798,0.3173209171777414
8465,0.2877219144351047
8415,0.14967550045949576
26952,0.7022597901067122
16464,0.33982068417540695
1015,0.6330995659309859
29079,0.5522207361732049
5443,0.6742407594323078
7013,0.47898135374987616
55,0.6114350930782445
7786,0.18276922824454414
23130,0.33002083885868794
16354,0.6624565870308178
26219,0.46821742441911596
8478,0.3630391308347223
18932,0.5669745920093583
7259,0.6142690529922198
9498,0.599135436853008
20438,0.544861480420218
18158,0.4043697223181362
11949,0.6177606788348302
10515,0.4575378065888425
10378,0.5115717107111036
1079,0.42426449671167266
12472,0.5597057949057408
7714,0.17980330595043328
10057,0.4445132877160223
2282,0.11838262619652164
9772,0.20944982553015767
15784,0.4344639366224003
23793,0.4444754379470272
22047,0.5952117860163707
5472,0.4469870914903735
3382,0.5245050756359609
18637,0.31296585289202256
9962,0.5438772464406868
18404,0.4379276266276791
19888,0.5755250093279711
9692,0.38747622518653313
5814,0.7373416998865358
10286,0.818511668175688
5262,0.4647865418887605
28289,0.4774391371737086
25271,0.500847443025063
27371,0.5665918188253077
24612,0.2978103861702786
7010,0.497680073488032
16601,0.3444262232367954
3159,0.48850328068750143
28805,0.47810280720700754
14081,0.6131296252366154
11904,0.111562790341194
7974,0.3510549252272715
6088,0.37807673666780567
10980,0.2952183842113429
3278,0.4950965226512776
13920,0.36120387782322
24053,0.7174978716104728
27187,0.5599222135870975
5430,0.32461194398406384
798,0.15145167034689436
11244,0.5465684412004087
11315,0.31543572158167016
18326,0.7908306838732094
2429,0.3710084027099838
12194,0.5945754602809541
14997,0.5261685247849819
5452,0.6980514625431956
24950,0.506739403594747
14274,0.5751891140897923
5025,0.5823723474506238
5527,0.5169536645265351
29830,0.7052830079809178
23948,0.3038841130446234
27856,0.6095077493753415
4924,0.599246604661156
3498,0.32497823323020775
23159,0.3057147637452713
29294,0.40463350057113395
25987,0.45411465663319167
2684,0.5215731436841907
13204,0.6526282739879204
21248,0.47622119325536993
776,0.4385258798654801
6450,0.12421025299888107
23666,0.6360413086866034
15427,0.6300605527236177
20062,0.550185698065012
12975,0.47363739700779967
20423,0.4586055734906634
10423,0.4345131012455839
7904,0.5852698102490249
26726,0.38117906792828044
19172,0.009238584914458019
5656,0.5475938513613602
20036,0.35097731885657807
17425,0.5332945331653601
13917,0.43138261110018156
9597,0.5894130218115715
15151,0.5241081440487984
13988,0.5440152546587093
19676,0.02466001720693674
21367,0.33442092533934237
27513,0.30993117240014617
22668,0.4737101248316038
18456,0.6888208924546869
9159,0.5582973656095778
24255,0.41933259538032286
7879,0.52929607066684
29057,0.024529791775091788
23552,0.46489847778206334
14527,0.5009207518204627
13923,0.43498858853269234
15497,0.22929269287491558
2931,0.708564301051133
4633,0.5732071589243185
2741,0.5018454688639128
27031,0.5867896306396768
11173,0.191413556872806
20967,0.6525934743595542
29085,0.3405474697147546
23698,0.49384549144635415
26559,0.49340672372469374
12618,0.34645489006410485
19551,0.589645325336076
25768,0.7451673009529044
29528,0.47651159182921415
24949,0.7183130644927024
29577,0.42330265095936453
19804,0.5357847972112255
4482,0.48069867404302413
17709,0.4295841924770402
21380,0.6331812778128989
25884,0.40601071964168317
3279,0.7274071768364944
14712,0.4245638944601886
8924,0.5468415720233563
9400,0.4100979779301313
17726,0.7228993428059004
8063,0.45381807261307266
22279,0.39341606500598375
19101,0.8336599713315928
13874,0.4086976134631987
26702,0.47628707122150943
13236,0.4967098977740947
13390,0.2977354267891088
21208,0.5404848633960729
24062,0.4433220790938757
25199,0.3570112413782584
8765,0.7554397491978158
12066,0.5762627310030707
26753,0.30871219746583134
29161,0.6099617213199972
19351,0.29572742917361766
9518,0.3313902391534148
22131,0.5359292226792158
19250,0.631458719815636
13911,0.5496783151544916
21091,0.4742558866683193
14197,0.44193835749613225
26252,0.4616444572015446
18345,0.6629272404637466
4628,0.3782452792654823
8793,0.34846368927695437
22559,0.640846735110743
2423,0.36334267821444216
22001,0.1784183290727875
5358,0.4884401890841798
13445,0.3385170821248427
27957,0.5138638292293751
19214,0.2427533934945597
17115,0.31149235245460005
28916,0.7464234235954467
13676,0.34445153371785336
23316,0.5626699881813226
11048,0.21167607948183975
941,0.3051452173299562
5442,0.32687155600900014
18973,0.44035137309551353
1412,0.375097564837525
14831,0.43885187048921587
13059,0.5556686753705846
19684,0.5755469260015912
17126,0.366058726041348
9889,0.43635844370303484
22507,0.41291229364484433
7021,0.27451113307849145
20922,0.5035076180418826
159,0.6557487248286881
19513,0.11102021999969251
7910,0.505713648429838
28218,0.5783685567442491
22200,0.3652511837101227
8653,0.35833235068383207
10401,0.7777405965848265
10957,0.361010866952675
20615,0.4190891148308366
13128,0.6317770615472663
23669,0.22533912670702846
25650,0.5972951084019803
5257,0.6287033074575836
29650,0.6147770461489034
22965,0.3227341196595954
8891,0.42759363745632745
8450,0.6074152330314172
25072,0.3652995666129298
19038,0.29056523983112975
14231,0.7682627885511139
6822,0.6717763716653389
27310,0.3979373112949001
16168,0.6211320579733918
11075,0.27356061790703784
5298,0.54775649055418
3491,0.2300285541696376
8760,0.13959915773401796
18689,0.6394157708294136
16937,0.3061385599178535
29959,0.204161950178364
508,0.3327423226999217
23618,0.27013823024868056
12646,0.2724582707327748
2788,0.7031056458836545
18368,0.5411294463961355
9298,0.7079664607071662
6502,0.16398360471037646
14959,0.4675855458237483
27239,0.7285830746159756
277,0.5900034239357629
18049,0.37283346942504303
6303,0.3251916763825282
27194,0.6192586549203983
2396,0.17418669053991767
9296,0.5748538120232727
18946,0.42289637224362936
12873,0.7501931360670259
4650,0.19145379690110687
10847,0.44904754801358776
14650,0.5502984464006694
14212,0.4570055192622788
13506,0.1344070588703787
4216,0.49074614011688295
5536,0.48352270757981036
8319,0.35881604449122156
1896,0.5126170400449573
29009,0.4574429355209318
27573,0.6168327553140299
18716,0.6296090443603847
21057,0.4123162712365849
13306,0.3307728796907556
2286,0.38593185742164043
17749,0.4275539689434262
8516,0.5418179639725539
24091,0.2794740901321407
5716,0.5077928368090631
29473,0.42148137687741105
17080,0.4128103638410279
5309,0.4141446838760949
2096,0.00018296544483087013
16650,0.40013893812474305
17278,0.5207562079478799
1181,0.3779991245170524
16111,0.5800469308733329
5216,0.5228232422664028
13680,0.4678413231217369
17107,0.29246521702777845
27757,0.2824149296676321
25010,0.7324795518298107
7579,0.6421008816534342
29204,0.29541637885508465
17438,0.6070543022651819
28684,0.624024039857942
15645,0.2838167581506074
1220,0.1871728912483865
24719,0.8894184182416867
24182,0.5917624901503342
21757,0.585319071140194
8849,0.3300323010831631
9137,0.4384596226295257
18141,0.46881030246475835
24357,0.6639577173137027
10671,0.28509370818190294
2823,0.29985906551804237
7823,0.3812312489136913
21592,0.584122198105537
14331,0.361021432812114
1244,0.48760913436452363
7931,0.41429121973950656
20338,0.6155660947166873
29114,0.26113608732676236
7411,0.5847921333830932
27360,0.5561941324114102
29530,0.41783301358978503
29019,0.5037063394021436
26759,0.28951401212866895
883,0.40313789081253687
21579,0.7367239679501854
29308,0.4786750201940606
4317,0.5044679959050148
12065,0.444700385798334
21421,0.5334347920729909
22969,0.3728306563144425
20304,0.5830803397094214
9049,0.2816657870767692
13456,0.5757315649993547
4362,0.23763363021486394
23412,0.7469710344599974
19102,0.44301950497550874
26116,0.5137037456220134
22580,0.5399292890167824
8882,0.5498604901863672
8797,0.8265839753355536
20516,0.6321167410068881
14175,0.7082804548844793
5202,0.4497394210232928
11976,0.2289178789748866
28284,0.48855378019457324
8317,0.5168615881550075
326,0.5736220649137787
8564,0.37918214015609913
23268,0.5491340153502656
29614,0.5914793298542964
8444,0.30424639828144817
4678,0.28095248172133663
19272,0.754747381377375
26146,0.35271208426318895
29625,0.4843700488671107
11368,0.5315090587519006
25580,0.5279450470421558
4492,0.5349289007037522
17211,0.3308010600631674
27883,0.5330947309480559
10917,0.49470019676513627
350,0.7315034486508779
18403,0.4362190373322863
15220,0.3232150615626148
22544,0.3929134990038397
8753,0.17768789480094158
29070,0.6612380771326932
20364,0.5894837182761344
2513,0.4401086541122044
19349,0.4835620047754372
21225,0.3915135707471802
27314,0.6154734831335017
20999,0.4560963133388321
17585,0.6737488114524135
26919,0.6582084223670307
20414,0.3007696880971669
18459,0.3634000122271584
19536,0.41074066386064106
8341,0.00016955583770475046
307,0.5052994678701628
10182,0.5430769067332669
7380,0.8332893422284521
11214,0.41128941695059357
15663,0.38173566961033706
19957,0.5940752978295011
6696,0.4461982746134468
27070,0.31068364104128116
17090,0.3215277405705549
26813,0.3878450190018219
29371,0.4156751309174033
20859,0.38438719194970633
23785,0.6924522871998446
7852,0.47748869747531586
1881,0.6654208603546353
1576,0.6051078683843102
8856,0.41409447802018895
8197,0.5162895089703512
26816,0.41692856650586013
10604,0.4088349441260903
29241,0.5713436802729256
27338,0.6323712290997393
12295,0.46733605728359523
12917,0.6291659168557321
27047,0.4770746888887658
5482,0.5672358449932166
13925,0.4904334779939295
17587,0.600489661898714
3698,0.41364304731030105
13625,0.48283977691257185
17999,0.5600600826533138
6013,0.4444624974466502
25252,0.4925744765585887
27920,0.6262617643629848
17277,0.5173277488972218
7741,0.567640798210249
11479,0.4300305421095753
25161,0.16244584666827408
24174,0.42556132476406416
27075,0.5259855858433826
147,0.543500798500937
14216,0.631929048190795
13894,0.35608175684672716
25013,0.49560743890068276
29739,0.40925379339526596
6806,0.4346487895842885
22038,0.3026129710913225
4646,0.4128829286619846
18215,0.4035929139879846
12604,0.46581108797072784
27283,0.03064692859928492
11272,0.4589802917446905
12611,0.4060335817848211
1803,0.5186978168635109
9799,0.5025420470530093
20424,0.21420360011024256
13340,0.47975485488859676
27340,0.5721992577286096
15372,0.6649672241396948
1676,0.487931706215655
10596,0.4644886964406479
4320,0.5565468002727753
1955,0.7638976775114906
25128,0.31446361943481893
28527,0.40576886586324923
8278,0.3550786426828005
9514,0.12400011772418047
17365,0.4975221902442521
24128,0.6049041174106421
16089,0.5637619982864863
15144,0.4911589286824944
23921,0.4881603862173634
28610,0.32053311193987977
12690,0.6087467085984767
2976,0.6044809138986277
22417,0.3473119208081307
5411,0.5723778514372087
10524,0.2807902019040518
29797,0.42068659219849563
25167,0.36663825019124757
891,0.7482380920277465
842,0.2499695412668458
968,0.6911811749555125
25267,0.601250154499867
20061,0.4975031490239044
18467,0.20206406156741283
22264,0.135385160754568
4923,0.5414571321090206
12900,0.32926701513964535
11687,0.517595191350756
17481,0.6772437252956681
26461,0.35375289263116566
19042,0.36787701265992084
20719,0.6741354936158893
6306,0.4659782419087079
19201,0.5965041617736769
9832,0.504605568429854
1435,0.6469052124835121
12388,0.6817892381380339
28349,0.23815738636530748
20915,0.6682112563309003
24855,0.5797530090627604
6646,0.501586780586559
2033,0.47562014383920576
25346,0.4288699670889704
15255,0.4445463223695252
576,0.1418758355330352
9805,0.3424593704887606
144,0.27625928671952427
129,0.5094488784888866
18596,0.4911987100390347
8085,0.4971997244618162
12780,0.5829186839251171
28820,0.18074414955061072
218,0.09370033188892639
11777,0.4902753995031531
20769,0.5813011466509207
21314,0.8175464232461804
1470,0.50268962509454
12666,0.3801090642464633
3252,0.3372377764014643
8537,0.04113760861399322
10236,0.47459887140992946
20341,0.38557985060251343
16339,0.4048998243192011
1888,0.580258725332565
19841,0.5383030471312923
25147,0.5451163640012151
12116,0.436771946456215
10409,0.4240112538978292
18869,0.6960950118085236
23640,0.4732165102944654
3619,0.5846848715714484
6435,0.5061867382006379
5502,0.59571740301844
9027,0.3746201065540841
11730,0.4395826349909506
2850,0.49430888535475753
27549,0.5485442456380344
5414,0.20980036772452923
13011,0.3502973708158379
8441,0.31867464554945585
6703,0.49910683393909894
15370,0.09743175777332347
5708,0.7543569011240049
2383,0.4610064622566523
14969,0.44790894619647587
29089,0.31625141672131046
11185,0.47845790701031826
8377,0.5165534723362176
1570,0.5767912176289539
14443,0.5126248984121636
7415,0.2061136384636042
24905,0.47554078588236054
18009,0.5899602734394773
9065,0.3213794049554612
22150,0.6884871666372008
24657,0.25449149456842196
3116,0.23052141441047966
6686,0.6812159734407933
13950,0.25853809956894863
28609,0.39258614129575986
26036,0.408311907207308
13599,0.6041996978730455
21041,0.5444676379849208
15852,0.6357288647890819
21119,0.6060297688187926
23557,0.3867695842396055
18726,0.4551915748343489
25253,0.39399544778016793
24369,0.304228723633456
23848,0.3636059096083537
28504,0.32022442963618203
23275,0.47439984191154344
4945,0.08432998512062212
18065,0.37806696723195926
18568,0.5210312549287396
12649,0.33623362917380145
16338,0.30628266462271314
26513,0.13143177692711347
19367,0.5294104729009219
23270,0.3090760537472475
5572,0.22176294181269066
24940,0.5913125955699383
27831,0.5790212609785086
9201,0.51478108485616
24435,0.3121404689722792
17194,0.5940666165602889
12717,0.4780376557316024
16764,0.438688759153916
29702,0.08291197431492082
19976,0.4995572705639643
6513,0.550793153058851
17615,0.4407343506016355
5608,0.41613318567785557
18399,0.1511325099587871
11510,0.7114786373318651
13642,0.44463834906154603
8764,0.35439004601842816
27323,0.5108858770236487
9203,0.34015838721738545
8486,0.4325928863731609
28043,0.48449534984153925
314,0.7205776240918036
12566,0.46082532748329
26185,0.5073296108271471
7141,0.47514743761368433
27765,0.49157171198189625
5041,0.4730925786970214
26641,0.41183618990592813
10499,0.666076181002705
6257,0.45564543278386543
25173,0.5189416847313986
683,0.5787160865719246
9665,0.5422755979151813
10142,0.5518531785072477
9148,0.39974576082902447
7943,0.5955297844916867
8884,0.05440349863956351
11408,0.6486305228383853
15959,0.6240622999730716
7371,0.5966296544437855
20815,0.40365575871773834
10964,0.49936899117626193
4906,0.4821274036047212
16402,0.653915562489928
11920,0.4356913583799733
6903,0.04209041565256058
24409,0.4457468445986225
12742,0.49560829095199704
8518,0.31386372680560715
1539,0.21876046606342095
28688,0.40615264766969394
19088,0.517501424643494
24349,0.38539838966562295
12371,0.24658364838816552
14760,0.44248582778490514
897,0.5707210223364906
1161,0.3382246186507801
10792,0.22904339894865677
22182,0.4740447567575227
19429,0.09061600745188035
13787,0.2678923555154225
4921,0.5730307237233133
5924,0.7062698746472714
20752,0.5562942202742015
8144,0.20570896153682625
12155,0.5010457964968683
18515,0.4998715167432664
9579,0.4639629185213631
5263,0.5104534619158947
4352,0.49777784866419816
17807,0.43101364192024977
24831,0.358467144843885
6466,0.6064249098177968
2560,0.5843500065455224
8010,0.594132866843772
19004,0.37376872965919555
29433,0.21682855599793086
20664,0.5350272977472809
2942,0.4656757558626321
377,0.44534716020919
15381,0.25789582544389467
3155,0.6373747125631145
29935,0.1598557074414342
24570,0.4900182545519985
20906,0.3370319544834395
19092,0.2681997399167617
18585,0.4506068966840903
837,0.44195706315932815
7452,0.48291591617821256
112,0.5364588314920565
7596,0.6127687154129661
29018,0.20095199383271245
2993,0.3994927728407634
3819,0.49292997161167645
3016,0.31874147392191227
2459,0.2967142519692511
24910,0.7423961812222603
17963,0.6109562725141704
2441,0.6877366370554343
428,0.2925542184893691
7827,0.582112119229238
24027,0.17270636364409916
26562,0.49065964066321693
28825,0.21331789536668122
26270,0.5104738004740152
23334,0.539475286857405
4055,0.582625008760674
23351,0.19858301050629876
3731,0.45627626514767816
12928,0.6353288929046762
23502,0.284744267318426
14303,0.5753005558239539
12721,0.41537872016061383
28488,0.4478555880305611
4858,0.5543467007039151
4268,0.3580605351518229
29909,0.3876523863436967
24541,0.5575336863359369
16841,0.33783362126499
7610,0.374132764742277
17497,0.4217448583410848
21755,0.45598532140382053
12499,0.10996553900861268
13055,0.6236953253845365
8672,0.4948228171708248
25791,0.8053295354842351
17230,0.5576753428322362
28301,0.4577573136189923
27074,0.4388696634060986
22564,0.4184315145194856
22023,0.42663107566048947
29485,0.5853144001035568
6893,0.6349677789464735
1905,0.5017492631771868
11144,0.4473351676812414
11860,0.5618611063366284
4538,0.3388705645708649
12131,0.4420951121421563
8820,0.5163842240891853
7929,0.5361733480526286
16461,0.67169814190475
8589,0.674686901976119
22152,0.42907165776906026
15322,0.6001820164171032
17696,0.4171493248180444
21679,0.6195959745602738
10844,0.46853084206501655
17369,0.18931636990376546
6353,0.33077357919895983
14697,0.11227211049894924
27764,0.27515479640781165
7050,0.09692425780124952
11979,0.5808826433330776
2116,0.5563958562200386
13987,0.48372471112003684
3748,0.7236273254643314
15014,0.5612045322519825
19359,0.3757056461751296
23693,0.49036527075679076
18183,0.5033257707610652
9635,0.7084743726064741
20329,0.49964683241541624
18023,0.6922853703978493
22742,0.19707547959027116
27998,0.8360509843178517
15023,0.4496132686250116
18462,0.5020346397591231
18547,0.6795406112303031
4078,0.3508399601846895
24489,0.5078998163177131
19372,0.6499620938259877
23068,0.0902912369755393
5547,0.5391860156991815
10812,0.5342096668081924
24928,0.4874567759109815
22961,0.17578262686289192
2688,0.4154140043322106
22387,0.7189015239621535
7587,0.5901415448244393
17347,0.1720906015027294
14380,0.33147118762296884
19744,0.5408135596019865
8796,0.40624018584356875
10771,0.2918537311008072
16159,0.42559461843587254
25701,0.5120988285576593
20606,0.5696102217266938
7009,0.5745200763945876
20010,0.4694464849334394
735,0.44862162892384
8160,0.3791099555622109
21425,0.7085508120387822
6598,0.3153029276855805
17292,0.5468356840514739
18053,0.6826938062884338
25300,0.4470787476559119
26239,0.48433390204400695
16087,0.45808353196740326
9039,0.5169805787051973
6693,0.13374408946700433
25567,0.671608489241958
9429,0.5907720588982642
26245,0.18737515753917225
18376,0.3507849520976168
22312,0.4949859653691804
22832,0.6769541730328427
20669,0.6533534025763514
26502,0.5366363372554699
24795,0.515417646512769
6846,0.5078618111083214
19169,0.43162380248778326
14307,0.18095090820563012
12838,0.435321330121164
26656,0.5715348725864028
13183,0.6589808453805484
28436,0.258682523725344
5190,0.5319104607267465
21860,0.4573718590495131
2798,0.4399085551264869
29811,0.3888830334077527
11704,0.5346647519038252
2353,0.5015429515674809
13060,0.40472649297506164
4991,0.3430166125830902
5205,0.15073967513342568
8215,0.19357139223783157
2714,0.5305800856408233
5673,0.3564928566679855
1239,0.23060904632377546
26074,0.5100590700961655
5876,0.5961017560784964
13760,0.308560909001855
13910,0.5122843400237959
9234,0.39707748237365087
1493,0.6442082784881122
26896,0.5962825263896344
21108,0.6917563081117697
27584,0.7586563787579824
13276,0.5604276550171011
26795,0.518805034530096
16112,0.672978828894866
17943,0.4695508904943834
10146,0.6519094064505279
5103,0.6017180896389883
4942,0.44613630650306346
14558,0.47625378441272365
25698,0.4757057370859687
13586,0.18992186154062526
26396,0.40371979066855307
15438,0.387564832180254
13627,0.3770452565339375
5778,0.23605579967763476
3390,0.38808765285507446
9165,0.5029911380974313
23855,0.3356566144957955
12588,0.25301671104107
20230,0.5475533784364958
25396,0.5684195696758293
7047,0.37031091467590155
5110,0.5991784769640756
22184,0.7541521395897668
7987,0.5576204837085532
16370,0.4178706727262125
9423,0.34248345166667943
19116,0.5164369925553028
6386,0.46181683969299864
24402,0.3810565020806209
28543,0.5314819523438646
14925,0.48985324014878157
25796,0.35471502801406984
28923,0.5395534606481912
12811,0.3616684515934523
13633,0.7142994359878349
22217,0.37093143036504816
5345,0.6435646720061976
21982,0.570291594346767
3970,0.6723335798377362
22905,0.4734341230878669
21112,0.40763836302984596
7458,0.362834509838101
13977,0.38830369391075065
2642,0.04222905675274772
3963,0.5340889138691133
8305,0.27821866153429103
3154,0.6079495177053865
2289,0.702524283841884
14113,0.5845718657004438
11688,0.4672170522754766
25593,0.35794720600109
20780,0.5344415472526931
1855,0.36329042250823623
4295,0.46643075341692103
24151,0.5485304874303915
17529,0.5078715800771126
4304,0.3844922406733911
19098,0.48249305540169124
17326,0.6405039174215421
24588,0.3115391009975151
59,0.579258416127277
10512,0.23606626761897154
7849,0.16836672101652994
5081,0.3040260327116428
5475,0.250439101780586
26765,0.5882601811033147
29821,0.4286549663114692
21698,0.4978850607953875
27933,0.5281218284583539
17067,0.4816198720603812
29955,0.2138845067549416
4556,0.521380180994182
3332,0.4247884280343956
265,0.5951157295571631
7747,0.42957798508973505
21215,0.5341307793415517
12177,0.5804732066484618
19105,0.5541369206545849
998,0.5104240180704424
9156,0.5051464089308593
7351,0.40752476358086714
4684,0.9167590027116194
10250,0.25349855014833306
26733,0.49611751890179195
28989,0.4937399698298506
20883,0.3913262486131373
27280,0.365597284206977
26012,0.49718750496733266
29503,0.4460677195876623
1126,0.538378238528704
29195,0.5267918230499463
165,0.024221232194730977
28133,0.480298326679236
9591,0.6777867716256706
28366,0.2781701092138561
6393,0.519442479112604
25192,0.423944351989953
21735,0.22357118679304844
12443,0.5243966346291797
28243,0.3517289501076249
25799,0.6094266062075536
9279,0.7963984354720597
7499,0.5166398315776326
7857,0.35291359568231656
28306,0.5735012510966596
13472,0.5058654646390143
19936,0.4853234359763894
27719,0.697347421142268
8708,0.4671548850768981
20481,0.5401874426574177
27507,0.37314523528262605
25620,0.17052815828471649
19062,0.48278205944955005
4672,0.4781504590164849
24728,0.4766739403967914
16668,0.1823693728094379
27703,0.419328631320012
3181,0.5316288770408949
14795,0.06246098451651148
10095,0.3847881737781727
13412,0.12341994157103942
10860,0.3365373101462556
24646,0.6036484825020579
6911,0.5300503564578937
24457,0.6641938273991442
9217,0.6778206128360077
29926,0.6153463067088759
7848,0.14742391535662625
15136,0.40288227291457596
9659,0.490982295552637
9063,0.6665276673523198
28026,0.5526674032924019
25286,0.5136056288715936
7581,0.5869347606090104
23730,0.3246270107955022
23420,0.3034128894681591
1974,0.4022856532598329
21391,0.4759841406307213
26494,0.16388329045304015
18653,0.3638926483608491
7599,0.546613458163603
27763,0.5177560709100192
29672,0.537116060176425
20232,0.491090712879718
24537,0.4520717990778759
27981,0.013206264607253215
8873,0.5983845834165521
3248,0.6688765254119805
26582,0.066613014707482
10940,0.5545707942504788
21122,0.4163577339801752
19857,0.47112088345925124
8858,0.6988084302514572
23335,0.5146223729441984
12491,0.6641062925602114
2420,0.4992102614028083
27542,0.48757020718320404
11348,0.5987995842688264
2102,0.4994996885708953
19086,0.5290674356293703
26410,0.6048313697754519
16229,0.35209485432582893
6014,0.3694589526835803
14929,0.4269381240447148
27115,0.39954955879261006
29493,0.3761481830091113
26149,0.5801025594310162
28761,0.586323191707054
2277,0.4546014174462935
24720,0.5581836905328469
18093,0.3222767755860711
26976,0.7704114230551721
16544,0.5660951471564036
8530,0.21300042750176806
29412,0.41813323092690596
755,0.42282871467473804
2725,0.6693530022329167
17378,0.4683538535207153
4144,0.34914815115283265
20408,0.5289414044660565
3631,0.5606781864197153
23586,0.4525375258126882
26467,0.4083524006249186
19557,0.4865799277009981
24189,0.15458161516059898
28612,0.5151759779619578
22399,0.47761873294167206
20961,0.5865787797851576
18522,0.5222551153541333
24379,0.4990311583215415
10553,0.4114023760387237
1048,0.5015204284128942
2402,0.582176206070148
1177,0.30772378614460716
20985,0.692562948076436
27223,0.6876908793480996
24601,0.2840801817531065
7258,0.4714403655077519
22508,0.49028368816235607
5060,0.4980394900408716
3901,0.25563724726112813
9728,0.6770996600185258
23376,0.6105079013188156
26915,0.5032391081899816
13179,0.3374280522082402
15214,0.5704478331577639
10521,0.2619821495887013
23321,0.4786320649499462
23492,0.490734776665357
28431,0.33891507857626263
10737,0.5577641294238306
23831,0.7902922529922841
28649,0.3742514159681833
5122,0.5076450909071831
8780,0.28990876208158295
15273,0.5430626235181083
12701,0.4795320057290959
13142,0.5510137432785803
26285,0.605257026718626
29058,0.22144082833817813
4576,0.593050935335483
3684,0.3420634195821335
4558,0.6672437963400987
20670,0.48734759149978046
24167,0.7736899599261512
7370,0.4671946545493681
12102,0.49237321776759896
23459,0.6440117689269107
15772,0.46179790060148324
22684,0.6530803490051508
15294,0.7250086260200118
17519,0.4285234779565748
24793,0.47246022994636644
21528,0.41558901083972827
25756,0.456985896346221
22829,0.49926156641110014
4809,0.6601464732175287
12451,0.4081694807287515
27917,0.219304845212655
17799,0.2529357260911093
23195,0.4634199855577643
5023,0.6367722021901054
7756,0.2288822456327607
21,0.4848613077290473
2944,0.49424545436413353
27525,0.47899211924061497
5671,0.5091683334650406
10701,0.5335313914804537
12041,0.4697933070250377
6952,0.40429104864717513
1526,0.5023904196783723
21756,0.3832624384522589
4785,0.5618803940815845
16468,0.5373305446363514
17464,0.4877463469469689
29997,0.5611067237592628
17498,0.6153524034060659
4958,0.4864782579002438
2622,0.2945070408734602
27355,0.36962765198552566
23304,0.6449217941346953
1507,0.5416220110414746
20182,0.47393046731186494
19807,0.5661978084408034
28417,0.5698272714447168
26170,0.5071990178240687
1634,0.34435960886820755
6238,0.663331492290229
5950,0.45472265030103004
10549,0.345663840455644
18510,0.6640429714989247
19406,0.44081559391934116
16294,0.47672443400912684
6954,0.6642626252781816
4429,0.6690231539080579
20065,0.10603356247032726
21291,0.4369507082835713
3208,0.3084103349353862
22718,0.382369656505279
6451,0.6183759851501359
18423,0.32212094093102484
22774,0.3724391264905676
21338,0.37246337934250323
25206,0.4533655596019603
23534,0.47241090421963533
4389,0.4413644439099951
7572,0.47468120294908206
19110,0.7335156143320892
9465,0.5089721339665748
15981,0.34805946571546964
15786,0.46758441193484906
2458,0.4730151198024634
7460,0.4290752978905616
28433,0.2769755141537998
29790,0.3121415240593235
22156,0.6368484881891984
2271,0.7413447679549249
15454,0.5260552622810897
8502,0.5228858752219051
27655,0.10085139926684421
10209,0.4868615124863441
8972,0.5737193752635924
27677,0.5966931764117939
26715,0.37749213718185776
21969,0.5049658577191813
9134,0.4805980692182808
17024,0.34787890411746886
14968,0.5421351365003401
5161,0.3954635290631952
27094,0.3829183715402435
21896,0.5020340916623048
4408,0.29674533703989076
7672,0.3088423301532501
21550,0.2513273590353901
4881,0.2896863430168714
19868,0.4134296228716013
21200,0.38682373401143616
18127,0.3843580362268861
1151,0.22079113702431796
1544,0.4269925343715579
5224,0.48618175853918294
1831,0.3291511081298825
26237,0.043863832532146756
3288,0.5727268285326403
28017,0.3609308249851341
26132,0.6658710875520364
15721,0.3166339157271701
21293,0.4640356315810657
4615,0.5124378902804851
14172,0.2105483190669688
23453,0.5198673582157481
13628,0.45099513628299875
20347,0.07324654717810573
22762,0.44342951368049927
7078,0.37688133284345665
4475,0.5231913755001951
13364,0.6111027323408368
16836,0.37070549089370264
18443,0.33407680440741344
10389,0.218293558440939
5305,0.2885363025129659
19694,0.3863738400590191
9267,0.4704564529292268
18104,0.012057478646109817
2840,0.5207302867919931
6530,0.2875060643605309
24326,0.34574866148710576
7128,0.6471125246094593
3559,0.5033111905133919
20290,0.5615075023228882
6335,0.38863419260989646
21923,0.29079096978827784
27669,0.732881622852878
11418,0.11962940170863164
7015,0.4482810039338099
9242,0.5701440396113796
16699,0.6013215268836244
28804,0.48395240403644707
17163,0.11918258965610873
22354,0.351734449155176
12340,0.5617786792206395
6288,0.3767563308695361
20812,0.05784382692371969
2546,0.5818435384930484
18850,0.25581419780135717
2051,0.25353588000877375
19546,0.5596718367086929
674,0.5018725304348499
27493,0.2510484214691993
13073,0.6672691753823049
7444,0.1606053695913536
27581,0.358317825151718
22801,0.5667356522514043
1326,0.4301220896824354
18575,0.46324407982647015
9965,0.29956179424737933
10928,0.4863892296271597
24582,0.4115014675424769
12594,0.4902059326221035
6254,0.4444328238319803
29234,0.6798113819364983
28814,0.3750549352535977
3730,0.4879125008256497
15024,0.47848059111704994
21795,0.263412275540664
25065,0.5389669174116298
18080,0.08884563802020147
5106,0.2272489925750277
1226,0.30983186644286814
11119,0.4450615335251229
18396,0.2795990428615237
17429,0.5821521142737334
6537,0.724628537533128
29388,0.45154668370540013
119,0.5665589189106192
22629,0.35971475888918647
1457,0.19692638325081047
21670,0.4405326963444322
16435,0.4791561698686402
6830,0.5830131729664795
18908,0.4854622958778448
24269,0.5404389376152796
8894,0.3221475559486569
7716,0.28086592947202443
2708,0.3876891699687514
17945,0.47837060577592677
24727,0.6563535756015658
10049,0.681437754067308
3699,0.46406816720418437
16755,0.5967638636558215
17503,0.6226398748863035
28159,0.3985128456105452
29605,0.5735417209571518
10668,0.5672596148734214
29500,0.5316410037354325
26969,0.3241303997246041
14401,0.2577466363871969
23748,0.48292009940926
26094,0.5388418703857588
29507,0.4632585872560046
18592,0.7223794451452621
5599,0.14672283001367994
15667,0.2832342410695671
21349,0.6040786229244421
26916,0.4867775626727244
63,0.5505629425868214
1993,0.6817706586341464
10243,0.6626861142935191
8346,0.6705780005394514
15882,0.4447617902189625
4560,0.4882239237942017
24933,0.3183539283351449
12818,0.4855220284359601
10259,0.08363174590320001
18658,0.49700010530492794
22538,0.2754958432422119
15566,0.5115401086883853
26107,0.7904885487247907
635,0.44533392071082795
26241,0.40783782163858967
7751,0.5993603075981185
14048,0.5142699463111379
16756,0.3336998252052463
14883,0.6857528503092828
27624,0.48857140348898564
7677,0.14082609611477978
2816,0.27706446575617544
27752,0.5112665789380613
14871,0.7430843862514545
16911,0.7464075348302347
12565,0.44136319993190304
22247,0.3657587530264393
22825,0.46225788619804414
19130,0.3738079292896462
943,0.4108463264719174
12157,0.38499908625367923
20523,0.19631096609811502
4022,0.5918377243802077
7983,0.5724759122156301
14261,0.6890344017898681
1536,0.43708919921208117
29756,0.1619590699748926
23481,0.5065189390341788
2472,0.44461340300117413
23471,0.6501491006556737
19549,0.8126281914744724
8567,0.5099681373758962
15036,0.27424365844176757
24669,0.2916154434430403
4013,0.590575795237914
20325,0.5650902339062951
27217,0.541085402093477
12433,0.31466284527616606
2503,0.7604615693345366
10804,0.31941090445351544
20890,0.40079219652551373
22657,0.030256843172097814
10825,0.37869444382066964
23732,0.49053831305606016
9346,0.144908393478225
10044,0.5415957243419388
23813,0.6333479941777543
25323,0.34722001482961834
25554,0.33199945075298865
1501,0.1937267065643514
7068,0.350242745081192
20720,0.3322302523176099
11735,0.862788816921392
4318,0.7089567508311099
4537,0.521023090820763
15495,0.6268260275233649
29894,0.5344546260183055
27495,0.5922691002189993
26067,0.29717801835486596
5749,0.3612816664455459
22903,0.4462959681038577
27902,0.26023024156156643
4959,0.6070421932575142
14521,0.5550881846988829
28317,0.41000747129914367
16502,0.36245600332190125
24396,0.4959209825597883
16188,0.40001960390486907
6270,0.2731429078031851
15613,0.643598090214934
14539,0.5147953341012367
28660,0.4996580088745417
4637,0.08355207603975916
3924,0.4667289497009115
29933,0.39795643372042644
29931,0.42187124498016165
24143,0.2869950707643358
15621,0.7817059045931692
9691,0.13089931747231162
20578,0.5206682244453006
1242,0.4318829650661237
19399,0.37885033434572907
16368,0.26411690064653115
13603,0.5656640829417999
266,0.6477889751355999
27146,0.41875645858031874
7368,0.41076022963810743
21692,0.6019915908029839
9714,0.5164336142601749
24963,0.6213625987019016
10295,0.6615815150718127
7863,0.32690531753459484
10990,0.4990330040043527
29301,0.6753705365791246
24633,0.4656379688273801
5184,0.52300662710068
19297,0.5024927052603746
6972,0.5781007896052245
3823,0.31027924930266976
16218,0.47153059845247647
3634,0.37734284226628984
17170,0.3485544910451634
17161,0.38542559811034494
231,0.04626338994751831
6241,0.3999444882431576
27970,0.3126377512252357
6020,0.6199267458009126
381,0.45146986391228844
7071,0.5463047302931794
10445,0.3759789822016255
25652,0.61819426279945
8986,0.5266024574667474
15152,0.6757693420554848
2145,0.2557417585479074
14341,0.4766815823059534
12791,0.5763072195937086
8983,0.6167291957107953
22407,0.738001020763071
11749,0.4067304310662503
28737,0.72066083684102
18,0.21268078514016908
21165,0.35279513580925714
8054,0.12073337176700581
15496,0.4697833941344574
7608,0.6781823470822393
18939,0.6592173778985401
11648,0.6803397340156586
12570,0.38588389780332893
10902,0.5262479917212731
4725,0.6582568424703766
18021,0.5648693303583668
10017,0.5922333237329497
10034,0.5877887427551168
27358,0.8587684555256588
5658,0.6034240712017157
15896,0.597677541166537
28799,0.49926282401405714
19423,0.5521450915525846
28656,0.47661208419892037
23214,0.49352191569313303
4032,0.4347821745017981
9923,0.5014332455357763
12239,0.46397865512043196
14101,0.6064567106864479
27044,0.04250514822272694
5434,0.46499931901969643
24563,0.41152871074105946
17917,0.6582182368935535
13049,0.5942978199827436
23617,0.7409760359585514
12012,0.27920167597910794
19966,0.39561468491390667
839,0.23804768475296845
29762,0.13400821736316293
8664,0.6353547358720959
522,0.47817657455451945
9911,0.31198711504599885
15241,0.4927441692651821
5413,0.48234747001256534
17664,0.47938310231967723
4260,0.6121858720036287
6143,0.41976299085595636
1207,0.339263028053539
3340,0.5458606179358866
3260,0.5410428407411653
20588,0.2701059871961308
7470,0.5017650135834549
863,0.40000419159964623
18372,0.16245747369444904
25856,0.40295743030758996
13215,0.47755244913323436
19093,0.2255891750877448
7824,0.46784055969569915
16194,0.5224813903222217
11148,0.514972887069607
23421,0.4713252231191698
3958,0.3912115875716637
16400,0.19551661978098553
27096,0.5701708446879913
17152,0.3416718256968843
8834,0.2811486950523971
4100,0.6052326125165828
10969,0.5458643672805624
16427,0.6883008795942497
29532,0.5618604048071737
1643,0.47054886674581836
24543,0.5018301413814852
1310,0.5117261650803298
19773,0.41995998424685727
17953,0.42515167388131325
11309,0.5898922914745804
16413,0.3631154234956107
29464,0.3252349108092065
3203,0.45765989940749713
8070,0.3957878046289847
8692,0.4814602766061176
3196,0.740915894874962
21083,0.1707307489221038
20468,0.5584975568903005
26804,0.5312432588997508
13301,0.5515986070117048
23352,0.3195124622223801
13222,0.51023682845921
21320,0.6196414976150165
9187,0.6619567922313631
16771,0.4979203501274046
15430,0.6990927567489913
6418,0.53406006304654
13722,0.31518890086798046
6752,0.4888595629373566
12182,0.533163950487081
13384,0.5160169252603427
15107,0.5186046836131674
20537,0.515945851063177
16005,0.11689309369510154
8008,0.21455393071643825
21540,0.23065502145110695
11791,0.4917677032428469
29832,0.42929036833160855
11719,0.12520194232185594
27773,0.45464180848310143
6916,0.49549259678674346
28373,0.6704634055908038
10026,0.5127917689977561
10300,0.6311379616297472
12805,0.5096691535680072
7804,0.15047429510320084
14787,0.43306698723456494
28830,0.7368479920666314
15650,0.7554710008896398
3952,0.5715648135500162
7828,0.2945060732937537
18397,0.2505892384321555
25351,0.41334068562370346
1458,0.681389472599971
13486,0.3780089166897158
4157,0.6351151087415605
17817,0.6328052100168918
1553,0.5755318539383212
12931,0.6127478401801403
6163,0.4621860051602685
29105,0.5789792578649905
25057,0.2847821587384583
29,0.12824104353827961
16973,0.47439735505411584
15997,0.5947186822726046
11163,0.6961197041577551
24578,0.535369444749957
22992,0.43948053363486417
26882,0.4962714191743843
29553,0.36424479422926
29362,0.2708959422162234
28443,0.5284192561794426
24243,0.4687409186860539
12938,0.24467061844996327
8624,0.48588814555870835
4020,0.30929540263996863
6471,0.5910256263469481
25303,0.6383948738880588
21188,0.2826465087904255
74,0.3596459867481046
13379,0.26398572213352717
12233,0.5083225243972785
28155,0.1688031928202874
1477,0.2832203135269923
25432,0.47086363759845495
28838,0.48628664989651843
27410,0.18561794325248807
13681,0.1542470914955374
11982,0.4755795547374011
1120,0.5870802321762668
18490,0.48570029771838846
23343,0.5827599412656487
11316,0.597059189258364
27454,0.6940488600720532
20978,0.5212650368407598
24883,0.5521130340567751
3729,0.45051412885753334
1386,0.41975097897639296
21627,0.5543619415902746
24813,0.3602777036180655
460,0.6879938906139559
26573,0.34754944266671556
29336,0.330814114274261
26217,0.41843196195703997
10706,0.36578225752713284
11209,0.503375654238684
2296,0.34984853054951337
26474,0.6130739839120846
13446,0.23154725361432682
17409,0.5249734768228973
10220,0.4337506996459202
16208,0.429491874782624
7701,0.4110403944768722
13531,0.33630967994943856
29453,0.3882208380169383
23027,0.02611599177847428
7850,0.46111716375324874
21067,0.3676204676922632
1590,0.3232697755854323
27431,0.28756549367982626
25867,0.49503280738196537
15302,0.3528747981402199
18078,0.2056643979894459
20624,0.4281924456188853
14545,0.12614808800671312
1938,0.24895356076021577
20220,0.3235644211093265
29504,0.405114283334934
26989,0.5462464985502428
19724,0.7184349512169562
16321,0.6579153360029284
18975,0.48230542991024156
28999,0.5984705354409434
21603,0.48182683383496827
2516,0.6455338648784221
10703,0.5089295818778177
9124,0.21223584788277786
22347,0.601585184892546
20925,0.5381702123806057
27350,0.6827563629161378
12770,0.5897303829064495
11113,0.38085214977132686
9987,0.6221485363203937
9321,0.3686356557362205
24908,0.35482374218857543
896,0.519666428484171
10505,0.11765780151810508
51,0.6024574637190359
8031,0.5554214790865629
8869,0.671317765119404
4510,0.45666135757321197
14495,0.7248004114764838
11377,0.3756334364647915
29869,0.5947676088207117
20327,0.6003778763441359
4002,0.7594521665804725
18384,0.4745749864262074
18262,0.37745865053030414
18595,0.31010621453242426
15998,0.5359997073716286
3840,0.6435268880607738
26746,0.621126479361831
26791,0.580454175306505
29538,0.3247320580164413
8190,0.34481220830077813
9188,0.6819493598434619
3949,0.5522932941613546
245,0.4783953378681362
16174,0.15316032956896228
13494,0.529207451327943
20305,0.4607319378339015
17590,0.5302187597859174
6465,0.48903005446555836
8743,0.41437130529267435
13671,0.10024543148872855
9842,0.42200208893202457
24155,0.320859365176625
25239,0.42386992074177837
21938,0.6624595128129471
7060,0.1837684005642516
14683,0.4596935301684955
6793,0.4264088007465969
15481,0.32913962187116835
912,0.4216144392987557
14668,0.5696279226062145
8423,0.43565364855070987
10276,0.5228157843142385
14995,0.2637353876357692
17513,0.5231636957272893
10149,0.4958521404308313
19362,0.4286821518164389
28263,0.26798893762065173
19356,0.6308609316043498
21853,0.6223709977542823
7651,0.40531520755715245
14763,0.2711763832643191
6467,0.38401619055005415
28310,0.4143450134811186
21423,0.11698170251140105
3316,0.30052883841655753
23682,0.20904935725068952
10649,0.34663956511305
17612,0.3669558608642857
5604,0.3187342663578865
28756,0.35119908951018375
25108,0.70682528042778
16066,0.3015378047014003
21768,0.48674570200013983
27685,0.5027524344223009
1988,0.41786378216718684
9246,0.21780615945756002
4491,0.4621423064586588
17332,0.5915287556319891
16020,0.3666380477981976
18250,0.4739236343321445
3027,0.7858364687495111
21465,0.3105988320457726
5217,0.5585149573698468
22306,0.5975926909839625
2254,0.3632922079035428
16317,0.3965895430492729
8907,0.7383810958835233
28392,0.5732200477393369
2054,0.4986830704518848
23652,0.684086746541924
15534,0.36717076590425674
10336,0.5368732169656062
22918,0.48624821087411707
2758,0.5807856388129113
21170,0.5311939676980071
6179,0.33738112506178913
15070,0.5671195401793739
20084,0.7637481714190298
18203,0.3843815771504999
26549,0.014253056451803291
3321,0.6950399767339887
3307,0.3441540832253407
7584,0.38314213612065967
17113,0.3506451438256637
22655,0.4707774680226451
29866,0.5034813525128935
6605,0.21798490009502278
22232,0.4398707092095174
13826,0.49024020708873506
13443,0.3313946613050131
23050,0.5144415860131604
23417,0.12211250923347534
15633,0.537998345201287
4366,0.6310270544868619
1135,0.5749744804801495
25739,0.31887455489826283
14098,0.3436476171098454
23057,0.6132365940835676
18106,0.35421795691551455
8877,0.38226157161121543
11008,0.3619951372129104
20217,0.48452660351743093
190,0.46956779377706276
3209,0.5914408860410366
22088,0.21569083404038067
14674,0.460066273436513
10342,0.22262868098139332
18569,0.6156910443088289
19793,0.5743665559264548
6898,0.46962940486913046
1451,0.6758492418615064
3701,0.660894779834731
25642,0.4849557091607865
2470,0.3955161966049417
1338,0.33514536141688395
1677,0.5029394138742855
515,0.2004272233072247
3555,0.2959320916230473
18757,0.46986586773349553
24112,0.5890719521302011
11120,0.30161881095988724
24648,0.10245723210437062
9421,0.246120561497855
19641,0.3854921020411926
21321,0.6721397659575802
5151,0.4712121974931535
935,0.6581906855967543
5990,0.60729679693098
4058,0.4785202838517339
8523,0.7581369708074507
29932,0.5655794172703076
19368,0.47621740992807604
26665,0.6565617172546108
2534,0.4869130612076396
6980,0.7276210374989306
24504,0.5121907433405556
11468,0.3241717328922636
8742,0.4600848620558218
12922,0.5590522101815446
15935,0.5839789730298542
12015,0.4468137481373431
23485,0.7482494662836827
1298,0.6278113081663057
4970,0.5252197642083206
7611,0.4935615458584193
9616,0.280895185651762
13763,0.48025897092964803
12852,0.4575965960016494
1554,0.44308900316441946
14622,0.3493302263703575
27906,0.5752023921925256
7446,0.10949083467804721
9403,0.4150444850759552
8485,0.7372607278724067
16716,0.5711884676468673
26156,0.16849400636981351
1924,0.6043819293066818
16881,0.36419639933227427
212,0.20234959964126262
5022,0.32185950673415537
18934,0.5076979415759263
18843,0.514200100238788
26071,0.5504839058585121
1842,0.5753297581017206
5742,0.0009377952379588301
4953,0.5953246639056843
19621,0.4379051370779162
8154,0.36099759599830766
15673,0.560295118618925
1879,0.5357388678750282
12106,0.47220413820001267
28749,0.30723286410283973
18631,0.6588390425480933
513,0.5911238011674643
4950,0.31875821167425267
27754,0.24874681406781893
19283,0.723230753298609
1655,0.5121459503552439
5463,0.4260158846665784
19039,0.5456636708335904
3311,0.2921813581157936
1609,0.44113571475042695
3956,0.6585639093688649
7700,0.3548025851238288
13070,0.43606980598134265
20727,0.48021392080884134
22987,0.4807743529410105
637,0.4008537110167145
3271,0.4029021754051632
21035,0.5142408403036853
8224,0.19641158165037395
9726,0.5207308805959475
22695,0.6681731195251279
29364,0.36298481870487515
4505,0.5735376467237577
27792,0.3172445551978364
13198,0.5643093514977509
20471,0.5669753873845331
6792,0.5814351235952756
29964,0.5292884341368301
8270,0.4993183243986767
15253,0.40708348154776464
10574,0.36185141477213284
10796,0.4335616910965883
21548,0.4660458869006061
22651,0.3675577994356272
14006,0.6498221342269329
1050,0.4129646341880444
1069,0.3730295676405713
12384,0.7807449461241313
22598,0.3157753341256366
15230,0.5433057496102541
19977,0.3154196112052048
7114,0.505411145648707
10930,0.6334560557976281
8860,0.4652289674415757
21945,0.5488877419431747
6009,0.5673601576956823
4948,0.09398463511371863
11241,0.5627604419523972
9309,0.4596774314931739
4973,0.3017815951676741
24023,0.4419704229183406
4210,0.6506770144066351
22887,0.3020998620006486
22215,0.3379120082018286
6749,0.40825264488945523
13311,0.40345985351232244
3845,0.5375691783735058
957,0.4882337901199895
27328,0.65788100975135
13393,0.40715480633972373
25146,0.5788229528987853
12843,0.5644047606682631
6617,0.523484289427344
6287,0.49274394207674294
11098,0.8824445342723558
8336,0.5423847850267239
27568,0.5135629959350204
27261,0.5264375413316146
14184,0.4958808612776238
18938,0.24571196277688137
6193,0.3511470381281399
23845,0.7622311633264017
10191,0.4396841427485687
29128,0.6778812304326767
1959,0.45505424746712225
29875,0.4604527198564547
19695,0.6138045412570953
22146,0.5172643119132484
11149,0.4790678281590564
7388,0.3505987704645852
18209,0.6946085506715439
20540,0.4167794277264676
8107,0.6502194369567128
8881,0.5778060381888156
17410,0.3505877092649789
11788,0.5361647596410722
26962,0.25852119363021103
29365,0.6695201041297244
20524,0.27838731726535443
11058,0.37227139860939307
5675,0.6964588259373033
14499,0.42969703516722274
8750,0.36503411575936395
19369,0.5035959111110245
14367,0.1614157906041239
5564,0.43089229677857904
17081,0.43950684702729986
11319,0.2748395556706977
11602,0.19419357465684217
12088,0.46355240344063614
28231,0.45756338129565927
20139,0.35390999705224635
7034,0.28321598816552557
24725,0.6056540459547232
20379,0.4947178285458087
7001,0.20064094682687048
18948,0.3472922866982378
2981,0.5460694208416839
16713,0.676527138817273
21404,0.07898289141676008
29974,0.4822351563839775
15277,0.5220533133175097
29276,0.5739350940876936
17018,0.25855263042648785
8193,0.2551343163017018
9644,0.6188437143892096
27743,0.3766379315945918
8253,0.5538012730502486
8838,0.5622499519958847
20984,0.36369322331254045
20373,0.5529336496068661
29193,0.678421068672951
26844,0.7495000346704143
77,0.0018355261414957844
16232,0.5608806185005272
5363,0.5126378475818996
13807,0.2628415560068908
15515,0.3386231575560257
28931,0.42393750256914536
4094,0.5368549048132998
21529,0.6260902153406015
23441,0.5266856865084446
1418,0.3033323943767949
12532,0.5047531194981619
296,0.6383128231662399
12889,0.4002438703024291
26271,0.5651316655403995
7061,0.37853566011635725
14977,0.4816280631330292
25535,0.09597995372369776
13974,0.3973116679989294
23524,0.21538995241506317
17791,0.7620447570307146
11690,0.5873317382106632
6597,0.469976471225823
12000,0.35687050591911507
25950,0.5718143724780638
2446,0.6732784192696126
15122,0.2755263245541841
25164,0.5713838592923327
10822,0.40311927732292263
2000,0.4445876582981756
23803,0.5959444651801254
21575,0.3906002612509836
5091,0.49506395409622517
24558,0.6390318764901355
8865,0.4100898146959387
24301,0.420734350207423
2047,0.6136006002583138
20691,0.2855551962099829
10004,0.30999859471846986
18972,0.33725728966865604
25853,0.6439351081123098
17366,0.3225574273917166
21231,0.44874641566413037
21087,0.08574823992827933
20284,0.4426652525463253
13721,0.02215909717044329
27085,0.5386279348392392
23856,0.40078663809759285
25033,0.7061916096791844
26039,0.4085408778215047
27439,0.48137598111956253
10519,0.6703007181377849
6029,0.2206960590041714
22934,0.6702138240130111
20825,0.49604459816354546
25040,0.6594837767093974
6689,0.47672006623847957
9627,0.3933777805629524
1952,0.39933077589267213
28002,0.7198934547926864
22046,0.15851264332185297
2880,0.3912864116356767
24735,0.6361456757368279
28389,0.4765914135721017
5517,0.676742316619883
9549,0.4788887797524802
9277,0.5239815787919042
913,0.4116391378666486
19526,0.5356082019199809
28240,0.5910951899145561
8913,0.6128571818362626
9577,0.3135218240334443
14976,0.3832610879794527
27016,0.6634522317534689
14856,0.4551192705764741
23090,0.7087282119386614
8370,0.4262760087110486
5719,0.5898358646708409
10830,0.5718932928652416
26563,0.7003563359960587
16498,0.7534883841046373
14518,0.5998748925154817
4148,0.5019158392368633
28666,0.28445635986462287
19021,0.5536674289400452
9135,0.3216807080155593
1166,0.4569001168984588
29992,0.41239661464624505
17240,0.5396201863020362
26005,0.41503332282772964
2779,0.5618327611880836
76,0.41024305040477277
14504,0.7119313237233608
23708,0.3842901774585166
18765,0.607603877276337
17180,0.40322891983897957
6036,0.47578235863227913
22242,0.32767140141407475
8734,0.4644697810841205
11866,0.3333469706201673
6480,0.3262021487513898
12337,0.5802691074470001
14258,0.5580811091256416
6668,0.5033828129149454
20090,0.48853913270280036
5580,0.5014934167248704
10849,0.5428702063312018
2906,0.3516216873977098
20814,0.31652603540353536
24403,0.3866766178024578
8198,0.47998155898659084
8879,0.5822262450516752
25812,0.7569229113064232
5148,0.5531129933837561
9479,0.5705094700855454
29042,0.5864148324882112
28833,0.45842116471841937
7019,0.6056249389161636
860,0.5309097041011613
24891,0.5599767286573851
15763,0.30314352037664155
692,0.5152451999257045
4072,0.4475072137403036
23711,0.6849787239723236
26922,0.4587249831213995
18859,0.6612175598438551
22665,0.31302651370887374
5849,0.5676782872054263
7808,0.4680739921734039
9592,0.44433522608103065
7805,0.760025309163954
11939,0.36692174087514867
29121,0.44265422539291305
19501,0.37519037729352744
16866,0.7833982426464194
27860,0.39488992020683006
9874,0.38222349885509793
20920,0.7292037360336265
15996,0.5009549196367372
16523,0.4105455521404136
14436,0.30682305895451434
24685,0.3735272588662018
7286,0.5847360801427816
14922,0.2546287311508306
25483,0.3002688633221931
4467,0.682582361724369
4903,0.34312935793100036
20189,0.5669245339181422
22853,0.5075528709323723
4762,0.08086076760193486
8525,0.6644555762338274
18807,0.46432340238018793
29792,0.6055235685555685
22404,0.583286529230562
21230,0.49384427806777725
28692,0.3661982864868283
28377,0.5850366710475682
26011,0.47092304076458297
11278,0.7551605733483129
10787,0.6321860660756339
25722,0.37665513839195414
15398,0.6180464746253097
29492,0.3979359790592774
18825,0.5808743781448976
18725,0.47381470588516783
5004,0.5020034751643899
2860,0.2411994118255177
10554,0.33592091827671805
13731,0.49065916468900544
19047,0.4986840988962988
29823,0.4076983729939884
2793,0.21021152585636746
20011,0.5539068616768185
12989,0.6368581936010999
10080,0.27922595351262547
2227,0.49223447272112325
16501,0.24734924189111815
24708,0.315012790603936
10625,4.6917110808653136e-07
28998,0.31104115315245123
26940,0.5311929738344799
647,0.4932053429659254
7123,0.5243066579135196
8596,0.6232314290109305
11614,0.49950773871104975
6421,0.5275824961376928
28132,0.6372383857663452
22497,0.6579957329628573
2904,0.495517829982171
936,0.4916427005607309
7064,0.3938314656056681
11707,0.5761191586399521
3994,0.5679803897929097
28039,0.4195798534034259
16310,0.30317533853043904
27082,0.5010521434912006
24335,0.7679164740983168
2951,0.49661440279737973
3386,0.5225874317927404
22483,0.36140388993204103
22662,0.4010795643199417
17975,0.30960503122416694
18029,0.47213286274679483
3685,0.4958106693797439
11304,0.4221671468498213
11457,0.531063908125901
22422,0.5724416946174057
9851,0.445588257736744
27327,0.5800425523402678
19809,0.7231701980414035
10213,0.2779325367551233
2611,0.266518206693473
7798,0.6570442954624872
23600,0.07866845224995446
10898,0.45159425280694165
21476,0.36539206877980795
9653,0.5675290822860573
22265,0.36121761499219396
19658,0.6891104842260282
6684,0.5698066928372002
17551,0.004408104566996941
25926,0.6608653555291192
3937,0.6140095777858076
8704,0.07032950847687414
3516,0.5665651604045305
3438,0.6868621733704227
17350,0.4306089813481672
12423,0.4081873743973421
1933,0.2501503520123896
9959,0.4270290183799301
18296,0.4943574747901702
13888,0.5736365336154469
13702,0.5089454437211816
11308,0.5097972074190188
13766,0.5835712696516467
160,0.31753381708331124
3598,0.376803920611627
9860,0.4321555468646036
4840,0.6549324874116734
21656,0.39689697723437006
24246,0.663568572759397
24313,0.6304952373025228
1848,0.39498216881728826
7785,0.36048843142286174
21649,0.2450139772582636
9007,0.6910307911276442
20299,0.5663708239232675
9982,0.14382013580009076
8517,0.593420031904051
13978,0.52424293740606
4751,0.3825197311664479
23853,0.5365108416690134
17530,0.5200811457263576
3749,0.44830612485427873
4934,0.4889445937520491
12395,0.20929654463608902
6681,0.47384738167406987
26906,0.8326421098697425
9047,0.36976665369792844
24048,0.7140192306909227
13277,0.47369221549262824
6892,0.028168018957377732
28472,0.6095757770442404
7059,0.6032356531912865
7207,0.18802517239044422
26772,0.3569374180093741
7084,0.5422018332322278
9536,0.30407157917370853
6855,0.35850085137032434
523,0.43462058898646516
8560,0.5797684596309468
19581,0.7639548627007167
4609,0.3539065957117149
21688,0.3887755636493864
26079,0.669784652141672
4807,0.69709527656967
8393,0.3372480195325842
20081,0.3772209604045061
4388,0.27951330574067773
9859,0.3582738471239142
3996,0.2880085255061565
21507,0.34858347691399255
11714,0.16141073907844586
13503,0.6156850139668776
4249,0.49154305196732834
7707,0.5612133881796292
24741,0.30694462212389245
15970,0.5262362994600589
11099,0.6867672455291096
23882,0.547404117088338
1109,0.5533114629507949
16709,0.2705905976915292
3151,0.34854754608094574
13780,0.3509019849527168
23520,0.48011646919880485
13193,0.5966918362333612
11440,0.33859947875632884
14592,0.45441075066389347
27617,0.2697912395326529
24442,0.3511571960850717
11012,0.5103670889447726
14500,0.46056741555513153
19617,0.49741721734795
13952,0.44292496292579386
9384,0.2260836546416354
20908,0.6835087049438452
7292,0.5043728468818075
29698,0.4834752707218289
27628,0.5042758733329343
1628,0.12315336912728318
13028,0.5000765811483212
24944,0.6534267905800148
11666,0.3547475212763516
1341,0.511256050571538
4996,0.7129406607760443
6232,0.5122557729412335
15898,0.47517550582652496
3679,0.46711880922635646
4219,0.6483591169712036
26863,0.3025413828213283
10538,0.49768288335105204
27461,0.7876678992801329
3627,0.7201557066906158
10598,0.39447925859036026
18693,0.4647076761028472
10705,0.3833377787687647
14502,0.7591114885754898
25676,0.33675853620816926
600,0.39574614503411315
17309,0.48310532675109075
8339,0.5460094327290868
7132,0.6080138238787998
18162,0.582574174175185
9306,0.5511309403146241
11411,0.3877437746577703
21105,0.47469902549547266
16829,0.3969322681456228
8714,0.3920134051332406
23182,0.18843577176019943
21214,0.15114681861544088
2450,0.49572168853146553
20972,0.3066707088528126
11987,0.6035433017894644
20277,0.37874028756237466
29945,0.4973054891278473
10764,0.5046829951566442
5635,0.46442368044077137
28049,0.559368603770196
6969,0.5168326030063208
12734,0.28853252489252684
18791,0.4070543585216196
20269,0.6463032050441839
12751,0.33364754629051935
26774,0.3226656381241361
1510,0.4053167871494094
5149,0.3798164567802333
11891,0.7322358984477356
15942,0.48285020876245205
4064,0.5284223251101684
13095,0.4993336457450532
10240,0.5278608023468278
14814,0.6233416957199956
11692,0.4016749503807741
8138,0.4786734917863289
26077,0.4877141904329752
6710,0.5468256028775652
14033,0.28134523807335715
16894,0.4024031435294802
23389,0.5002683111936069
20905,0.5027334343520699
17221,0.22079332696150678
14242,0.3591524369999976
4756,0.4441349685518481
4829,0.5954712156141325
4266,0.11189208540619118
17642,0.5594702660680122
15349,0.31668990247262574
25023,0.4154845955727456
6998,0.431395085032507
21390,0.5288701787401117
27296,0.31408854337664005
7366,0.3841779122856183
20464,0.3908419500760066
28273,0.2934518448142565
9775,0.4162445872236264
16972,0.3102816361882918
4655,0.7634654335111312
19217,0.6914302899877159
1812,0.5728038467545465
16824,0.613710980257819
24179,0.36166516446179253
25289,0.4833303440167775
9724,0.2861368037963582
21204,0.588724588941916
27544,0.3354041093347153
20774,0.46275911310560885
19481,0.4011861996131895
16515,0.585588865533888
14364,0.8872576113028064
23443,0.4488950820977753
23731,0.5186453399482316
269,0.43474897342478463
11352,0.6028359071298244
24797,0.5434491144421942
4204,0.3205177065392185
20119,0.5763147662791628
23272,0.10347878165206226
13585,0.43205764198508195
24121,0.3827800946216064
19280,0.55724710209075
28831,0.25076353270477597
17062,0.3098316683577952
6166,0.5303061556979358
27868,0.5907543015454445
947,0.5741287773287796
4350,0.4604133886134032
11343,0.5931161825070951
21264,0.58679421226442
26455,0.5972419342061963
19742,0.4537989848150729
19417,0.5914335026366578
29340,0.4855362953277655
3912,0.35832369949935844
3217,0.008496084163333256
8509,0.5761380484125985
7564,0.2552286498957511
28561,0.5001707192763216
28664,0.6001820164171032
23945,0.49289454841407593
8398,0.47719711666107284
498,0.6543012777575429
3896,0.4850017950397791
9752,0.6553707773187907
2195,0.47017085181657375
11028,0.5281187557432337
21582,0.47357143467848023
16849,0.32048754770640303
12162,0.2582669333619279
28893,0.4701385474412911
12469,0.5333506727384368
17038,0.6792394630993023
585,0.4171124851209324
9891,0.21728465845608944
8404,0.6271643922505469
4584,0.5041867757975584
21384,0.49113765917200825
1573,0.34911650535220257
22586,0.41332734634830376
8062,0.4980970034956607
8872,0.5014950275105992
12327,0.6566802974845548
297,0.4280869677628283
24406,0.6948720729607244
5811,0.38035429974665863
23203,0.4273041613517014
13890,0.6758064292148823
24991,0.4606365553159956
186,0.266361506770456
14649,0.12224605922289239
8719,0.314372775880214
10325,0.4377689380115735
12183,0.6896672525583553
14725,0.2643798225627498
8035,0.5595666841123972
22297,0.5288746483114483
23648,0.45707143766765673
8099,0.4770711741178982
20857,0.5107275795238279
16133,0.6167292124259076
15134,0.5154639948333736
24866,0.2922386199346845
17329,0.15388414901464312
9129,0.641493893867641
3490,0.6092092119071836
27687,0.3043789539101171
26243,0.5401105593203329
10739,0.3759897563397348
20991,0.03887994514544815
28178,0.22919070069540673
5251,0.6702954175038821
16270,0.7446404110363289
18955,0.20011533163999606
19171,0.7815730981910777
315,0.5513957782326617
8948,0.4626855496289277
9841,0.5856929472134741
26556,0.4781343814731014
4487,0.3501847262088678
22956,0.34704919734833295
28696,0.8149794689949464
25984,0.23520867512674662
3055,0.41405353869354894
6370,0.399750469782421
9192,0.7638004293478065
13264,0.43744984235418166
12198,0.40590014345805225
19348,0.4633161416210035
13938,0.5699104239908709
26172,0.5393656500520327
5908,0.4603540216107192
19915,0.6312177190983951
6756,0.24649430643754824
3267,0.3791588982417666
26647,0.38550275998304423
17131,0.5304407103402956
5733,0.5662163606483436
3568,0.618658015559122
16678,0.5414596419985521
18862,0.26775816715432116
18054,0.6509006100774166
22128,0.23238745882494172
3506,0.4867248456125484
7769,0.566089758356601
11895,0.4412944081865264
11993,0.5906587008626561
7703,0.39830540189596814
16456,0.5181030088661912
8289,0.620105816724862
17502,0.5119766486608747
425,0.2876065124621186
10912,0.3015752841447317
27818,0.5628575627191371
18124,0.6860396385856046
9347,0.638978697585371
6527,0.5035525836412252
29824,0.6141321129106571
17992,0.22742227444711224
8332,0.09370512131181752
9548,0.25738336729357963
1571,0.18769605169789538
29217,0.6173486974838021
1471,0.47375246133373733
27105,0.5213568899952296
4978,0.49641462282221527
19824,0.4667681849877751
8158,0.7282976187691489
8362,0.5513934129090688
10836,0.2275708704149847
1469,0.5238288418797613
14638,0.38205466620290496
26348,0.44866413460478977
10831,0.45414555562913056
22259,0.22146821775248146
23563,0.5814390891142563
9978,0.46904802660644584
15581,0.5378708958790962
21313,0.5245090626109769
10485,0.49371266835755817
27071,0.487410588373441
12550,0.2836867569970176
13231,0.5789465052817228
7230,0.5436458781748896
12696,0.5457701076020441
20818,0.552952248601663
9679,0.35432315000907133
118,0.5608871072836706
28499,0.35380152582814345
2674,0.6388246760480057
19248,0.28079504463953625
672,0.4208600159216367
3477,0.35987137004868547
8239,0.3621365692425364
2594,0.20620498183534544
10599,0.5859220448450362
14430,0.6703372568447957
28015,0.4899840736227657
7461,0.36751481135346165
24557,0.7338291819885545
329,0.5935375901054406
19942,0.3909319244348674
24651,0.5227374384612801
5703,0.33556570945592856
19122,0.7544097069005039
932,0.49086893753344873
25110,0.6486047050221074
4960,0.551701012757368
19877,0.663868710673685
18219,0.638049898323421
9001,0.49964566333844984
14042,0.5519332469138688
100,0.26590445689945924
6931,0.4061203926563521
2872,0.4411684653135548
3800,0.5865239468710789
11169,0.5372615271663346
22313,0.5612716510286034
18927,0.40076247261351156
4088,0.6500037050767355
27843,0.4666166246643691
11630,0.16573380076209152
7223,0.4505205551996037
18533,0.4889602672439852
1826,0.25602241488212996
2094,0.16213509132518397
15081,0.2358389465924043
24268,0.4893605041194557
17289,0.5470230401968701
11523,0.23001645357503553
24093,0.46789830391175774
288,0.8048281926598418
15740,0.5594612905913016
24035,0.42212073290027935
430,0.5982122666478017
1779,0.7570216915983775
10664,0.5482266511645061
12229,0.5659859975879175
476,0.587984879873053
18947,0.6408987695786977
29393,0.7297377286689355
4344,0.3588698956872447
17220,0.24792319106520863
517,0.25150686785877374
19654,0.7040515081184449
25913,0.48969305667439844
29754,0.4997504528872511
22071,0.7574522766982712
9395,0.6381886177689128
11486,0.20727126183399322
16685,0.11769231434886378
24169,0.3410143527823842
21644,0.4656607419703253
0,0.2188386200353619
11921,0.4890628457512906
13026,0.6322914141571179
19593,0.47469003748357874
4966,0.6141896192026516
21171,0.3910176337626085
10766,0.3999429324930038
23958,0.23137352100563038
17993,0.5686279753204423
7909,0.3569336361961541
15453,0.2925364699054145
7959,0.49129836584016773
28934,0.2792961572666831
17627,0.5036118387966243
23784,0.294450692554481
22440,0.3935058955980848
29401,0.6008956281848739
10294,0.5754660588346935
12906,0.42926180482822757
17202,0.379832569430496
22048,0.31706413214635887
22054,0.3869900253394576
8853,0.4273283075524872
27793,0.44678717135891893
28701,0.45865750547539347
18857,0.6571561364707906
9583,0.7127830826083277
21282,0.3343790181261106
16189,0.4994019530407017
25372,0.5960361563112078
2347,0.5131418189104778
12733,0.26586941194681407
23995,0.47324340372318113
2338,0.5829386161723656
16876,0.5009701963495803
3446,0.5085861337294477
21104,0.3462495838156236
5520,0.46185252205601973
14532,0.40254772116685045
21933,0.5845769167333182
26819,0.4727138094654726
4236,0.48582903019846
1654,0.35807022922249193
14623,0.7385361948629354
27725,0.7221584281219883
24637,0.3595410413092673
11072,0.43921619616419766
25435,0.3520267718884576
4749,0.4995015095153173
4011,0.6853033629641846
23974,0.5298957060934836
11658,0.4183829732022753
16983,0.3960002344472387
17815,0.3980766474590385
4154,0.43248047663276196
8915,0.4227150461799152
16996,0.5660002242840801
21593,0.47544584476390206
10348,0.6124679009592552
4016,0.46767802256626195
11818,0.39011507349185653
15449,0.37581199291572376
29574,0.47874812700504404
26272,0.43976105442257696
26211,0.08007877147901782
11519,0.4646018346163369
29868,0.48539320170181294
15470,0.5099888026427044
3290,0.5029538896874292
19763,0.6360248270561375
21775,0.3841339005885334
12794,0.2689886262879131
19260,0.35211793817465464
4922,0.6107230453387729
17011,0.633989746697369
5904,0.43464506750493204
3644,0.6012261318701898
7691,0.05748899449865478
1052,0.5044562617171415
25823,0.26655880651414066
15661,0.6333882353235306
13670,0.4550138021811935
26399,0.4235560357738568
2358,0.3839276869750434
16422,0.5619458972150015
5412,0.6579382396227164
2012,0.46318447411328134
17771,0.4891393251743386
2835,0.5501107780541407
22480,0.48628370015557815
23740,0.677483968661763
4361,0.32400745469213027
14672,0.32696494654954006
22588,0.529897234829099
26623,0.2792423835866375
29928,0.3669319639700341
27952,0.24934670013214286
23301,0.7305121303504448
8079,0.3737613586816366
15983,0.14963488443363268
11296,0.5029032821026532
6850,0.7295819554348624
22587,0.6040269570345074
3589,0.6696962476201613
26035,0.5771062276670083
11940,0.31656505462294926
5223,0.5177828793712207
15433,0.5936147676180598
7486,0.5768266025671042
29409,0.25254976854010613
29000,0.4547026499318987
26654,0.6423658666851145
29248,0.1325084996358033
15199,0.3792735846029592
4972,0.23343352542278473
13437,0.5402354090940645
1196,0.5073637197037836
13726,0.31396762212968726
138,0.39042693757318375
27996,0.45934574665067845
29982,0.44835542604762263
4567,0.4808300887774135
5559,0.5626581643961314
19782,0.2909780464330424
25991,0.3544784603710995
23089,0.2518221234143089
23514,0.5732858165854432
25952,0.42065083959571137
7501,0.549037738520412
9544,0.5822801427936994
22568,0.5090293996513039
7768,0.5785231936009594
25603,0.48407920802152
4405,0.47601395276197916
17473,0.3776006559750367
29252,0.16572751745388634
21921,0.04562231953233851
13046,0.5366273151054431
5006,0.4392899789960912
9243,0.4758086156758428
28549,0.4921611768117436
10453,0.31123200289895553
28822,0.41058090573639544
15969,0.6254040071134874
14215,0.4378770747847436
27222,0.6503156698850635
20741,0.6986276651625879
27489,0.5979104725502541
4326,0.4764693963737809
18867,0.2080401253495582
12901,0.45717043614516695
4112,0.4805505904060883
22454,0.7090954849023632
23202,0.24196983603568015
21727,0.4166237359015339
8715,0.6944646330543849
12185,0.41930213003067723
28117,0.33595354326698
21535,0.4773025288839641
21340,0.2802984128921968
20508,0.39272236533505533
12615,0.5839499977437459
21541,0.35017331236176147
24934,0.09025537593822847
1260,0.5860403140862115
18513,0.3451178573006881
78,0.41283875321339475
10816,0.4631333747865227
15115,0.5796916041986724
18383,0.4607378712824028
22865,0.5116067691263234
12352,0.6187718317088605
22504,0.2321320330364596
22490,0.37480792455213136
11833,0.03212338940283749
29652,0.48073334776489823
24836,0.37173634500565567
12645,0.4965174975588111
17284,0.45276738498011726
10208,0.5319444451286582
5629,0.3067336220073074
24224,0.5682635316189851
22062,0.24918060812221765
15441,0.5481283634742397
1585,0.5028387709574668
5470,0.40436308992374365
14575,0.5903026569581075
21257,0.3957328733098302
14225,0.3412273817899436
2408,0.38168154430342244
8073,0.450698280731279
6358,0.44447202541799496
21189,0.6239759742370624
22545,0.2928117558071062
29184,0.3198234508897328
4030,0.465728914144175
7095,0.47741234800522364
1091,0.3045195862162154
18606,0.4901628652685843
2199,0.4177458520430753
11588,0.25135382335786294
17055,0.5445249086066863
21103,0.42475583371977416
2665,0.5712616959037501
11880,0.583766554873972
18006,0.6003674044111601
24475,0.6431585964586991
9432,0.769183059856345
4524,0.21461047823727633
25551,0.3231881132370083
3349,0.489824792189505
14628,0.5947388583834352
17077,0.7137385985594342
25786,0.21116136961399654
26366,0.6653426300979587
10652,0.4721087714663848
11738,0.46483289148438905
10460,0.27682235268437155
3948,0.4490862134642775
20681,0.3582426431475267
5160,0.6227684806787298
11004,0.3452689541904918
24868,0.4438492521681268
9803,0.6536388181144885
4827,0.3113937191367841
8826,0.536970618426721
4235,0.5150524097098456
13648,0.25783425627252105
10157,0.33675722211776216
29055,0.2790321190038492
16608,0.6128684764592011
26638,0.6110113960058872
27884,0.4952396400153694
2428,0.4946776901022622
22723,0.3429806246717648
27872,0.7351364534016988
17317,0.652583858833537
17351,0.5122564569647687
19343,0.6749764480077854
6948,0.4599167918245837
13245,0.018236030859522943
25605,0.30426420965483797
16495,0.5996028314604332
23634,0.7236061938489856
13745,0.5335178704256794
10682,0.5429694472870885
17269,0.7690013715847739
1895,0.49143631673812793
3411,0.5894492083737531
18428,0.41078773827940823
26411,0.2830339141755907
419,0.22171058920479977
13992,0.3231870684558094
11772,0.43399922922157613
24384,0.6936887766440126
10088,0.3035113273267051
14339,0.551194682793239
19139,0.5346778052492441
392,0.24700901047115909
19449,0.6939142984865105
1509,0.5174151363869747
17686,0.12535771100244225
373,0.7472819919399942
562,0.5141201435243551
7847,0.5243174013746051
24478,0.3942271313640862
8205,0.467064095374242
28882,0.5879045231293264
17600,0.6784759229372875
28959,0.569233998685563
22361,0.5184259558702357
7570,0.6130038342391746
29816,0.4153007587864876
7329,0.6552023332521841
6837,0.26426028186306
26761,0.3953916375575544
93,0.44542692443311543
22398,0.5942828523117688
19889,0.41153785697747836
172,0.5448548289323528
15979,0.6602056752550157
27729,0.6205653253221258
11794,0.5663198649839554
22528,0.42412597748163233
25246,0.39685594305849703
20672,0.37390579743067626
11604,0.4034486823510926
11030,0.3691463528053914
19643,0.6666808625609703
21459,0.5732099012949384
7652,0.10322361903780257
14060,0.225433673509026
12097,0.2877719471942855
29546,0.7377339194827005
9685,0.543663651202194
6751,0.7087023762506476
24614,0.7433067302090163
20989,0.2716177680021557
19365,0.4755497983597454
20264,0.48661561472845577
16340,0.6039471614095461
28949,0.46227764263671994
330,0.4784372204927077
7593,0.6050359993053105
3423,0.42024133605292907
21733,0.6145411376769947
6026,0.522244846359682
13661,0.43443592383309304
550,0.6430293299942643
6992,0.3927689003470385
4139,0.40626914429776545
3593,0.35267100657196476
27403,0.28034128639054634
26056,0.706362832078132
10588,0.2674947566818259
4087,0.34546437099603383
19407,0.6611685189178552
8330,0.5398680971037275
19887,0.02486522336566668
20582,0.27157771970243555
23799,0.5141102341677374
16577,0.13634314392136715
25181,0.6884145134872451
20648,0.6034664054224982
5957,0.3930108852572516
19,0.48727662249664033
21036,0.5983344294416888
23901,0.5443846210213059
19119,0.5581088829247038
10059,0.5007215381705236
2257,0.3948473607789789
13433,0.06193422778900601
27664,0.48650729240670404
16252,0.309575044540001
29387,0.4147108003131194
443,0.5656612327925368
17399,0.47559350884579077
27182,0.654242641550863
24076,0.51833960704518
22168,0.4061167111700537
22171,0.5198255800978842
11321,0.5401658502172172
20547,0.42463117345439233
18710,0.3121823704995807
11575,0.4928493594771024
6110,0.46973605057997964
6706,0.4399057880265489
9439,0.18421838995826154
26583,0.03163799865267769
27730,0.3548966618621088
252,0.012152579922538603
27051,0.5586981610979048
2197,0.38371552189722324
23553,0.3603667055386617
21520,0.7188768128998871
6800,0.5556817517329758
2088,0.566482675243457
21141,0.6566026936381054
4121,0.20274633464577074
29594,0.5499778077097054
15224,0.4930865120355305
342,0.36339782760140255
17030,0.580895739028955
7540,0.4345015966801822
7736,0.5838961612289185
21413,0.3362429793967254
28333,0.5501145868250967
22591,0.4796409474527515
23507,0.6075042912114081
7527,0.296087943819974
5255,0.6627850657307355
9736,0.2179538491141214
10617,0.5243810609960423
1814,0.5851873533209874
18103,0.3794164083582133
7055,0.6147353809414667
2756,0.44587817604389884
9448,0.6798772839343452
14241,0.5434364864845659
8722,0.3730853239085177
20274,0.6379528686444527
27118,0.24351415226670944
18749,0.3494182069846578
22735,0.5268316689909568
24560,0.4315262097652372
10458,0.4602302610043143
25922,0.4591495778636667
24044,0.6628717822521598
1584,0.5053912145478724
12602,0.11064538757392262
19955,0.5082285453437057
5132,0.5650693134105952
11142,0.2304456300731502
23160,0.7019871048681585
21044,0.5021993948740128
21509,0.4164871443990636
4995,0.4960985325193325
18746,0.706474447261643
9386,0.23672385765524787
19598,0.4435631270290035
1320,0.5228547826187685
3535,0.4876757373521041
8963,0.4124440307411041
19023,0.3752144885372861
25007,0.5452865374385677
9828,0.5524418035888999
15180,0.6719170129055732
23743,0.3857152046831247
28376,0.45014481352053437
17245,0.5190379731017625
24332,0.26535502844340064
23707,0.3590644537957335
24871,0.6522388984053152
26151,0.705992099317352
22073,0.3071479055775733
29567,0.6373829110922494
2215,0.4787357196478592
8685,0.626901789787497
10855,0.4284127015216849
7057,0.5749038683538789
26062,0.7301642066000648
11076,0.21356704673253124
22863,0.604693068627452
12863,0.27424947244900294
22149,0.6668386918922545
1781,0.38167601288262976
28803,0.33190422169619366
10946,0.35723275662852866
24293,0.5682402337722054
12875,0.7929712299430146
22691,0.6714497470127245
27015,0.7968844233810053
11801,0.313756520323522
20435,0.5015661177013929
1956,0.33097132807956475
12299,0.30964032992324264
25541,0.47124509085082805
11261,0.2668258014739704
11766,0.34193725297979505
25618,0.6586919068863494
17716,0.572894795586982
21726,0.6069738991792941
11696,0.6811726274249428
4964,0.49795528000124895
21996,0.44841379956359045
7899,0.5432235993525094
4227,0.7539092746615674
22241,0.3782085340677242
16305,0.4321865675827172
24263,0.6295885936787339
18617,0.6563413872871108
18202,0.3427906735766573
26215,0.3401290498389564
28125,0.6175463770579048
19311,0.30068755746391046
10560,0.4773731009717211
12660,0.33286378290199853
28623,0.6113627563329155
8846,0.28931631169212424
13360,0.345393215600646
22134,0.1620949069085451
13130,0.37432001574040985
20091,0.30163167855150486
21686,0.25009999632543384
11413,0.3849519161570376
17942,0.4563147081528715
23726,0.3897542806151512
28935,0.5972785454286085
27967,0.6215246372760379
19471,0.5409847849330959
6282,0.7563960664315594
14059,0.33190422169619366
4806,0.7617577853538947
9253,0.49053523704698127
8220,0.5324305617603255
17644,0.46895315191644676
29710,0.49061053596878196
4027,0.6149282846702501
1850,0.5060727109878985
18691,0.5426599140374274
16365,0.4056913608858744
3004,0.4084378309050211
16549,0.4366020235440191
26546,0.5229209148498914
25606,0.5129549771342462
4205,0.48493555920286907
29260,0.5819582221495277
4748,0.4971641876548924
17125,0.5846207800081781
12064,0.5758995256709549
21585,0.28869243417411
26720,0.4958634850258605
15410,0.3026316967601734
16908,0.5233957868729622
11436,0.7447692184360705
29534,0.3932858361158676
21271,0.4216876514915724
15181,0.5528212687096831
10258,0.5698366973710801
29361,0.48938295801039605
17844,0.4873985916583266
21478,0.49421517492982786
24519,0.5345930033053967
20262,0.35971772496028237
21581,0.6666743770331331
17286,0.5661945505872821
5073,0.7594177308660486
3707,0.10826714225523858
4347,0.0073175899710781365
20865,0.5943666258650211
29478,0.4725080348182436
9608,0.3594265216315646
26466,0.16929713437866298
4399,0.36940795854614855
11279,0.47291910774950136
11282,0.6347903058373365
16799,0.5341161537355766
28419,0.433244840775703
18597,0.5301139959741205
14318,0.3634659639618872
11501,0.6237097512507309
28325,0.5516244795994076
10631,0.5016152639058111
6678,0.48446622811506174
14580,0.25649849265554653
24771,0.5903629390755235
8600,0.2921194111279725
12332,0.6014486949556923
11977,0.45551113329752874
18295,0.3911862899684924
24589,0.3523417973837424
26262,0.5298471429804196
14895,0.4741172292055189
18582,0.34294633767003746
8909,0.04320454646919841
26145,0.4042446259397518
21432,0.6743546780061158
22560,0.6271430675505942
15945,0.49761385909795813
5169,0.46651055117111584
12885,0.5146279315571197
4853,0.3795112143010706
16009,0.4820673212918652
26196,0.5441767610264285
19233,0.4892321056883277
20748,0.3618378843726379
14365,0.5582278797526784
335,0.565570762981454
18942,0.4358886619721028
29570,0.5149172187620321
20097,0.6699397679126639
6077,0.02489025770971225
12031,0.6011123173077467
20900,0.5740993669748025
14759,0.5203113740924072
3539,0.4083396339479448
3138,0.46520538158179364
7533,0.43625512451561593
23184,0.5016183859475882
24158,0.46723666243558554
12518,0.622510478838353
5438,0.6167792814440656
1682,0.6902577903310946
18961,0.4930730102559134
25460,0.268921764717372
14729,0.7048237095280813
17479,0.5682213592273296
17075,0.6448339808958671
2847,0.07987769592560032
5808,0.5761215506194329
5522,0.7403266818192588
27666,0.5566799914385904
12331,0.5289386451079134
12600,0.29068724448274746
13439,0.6875171140999177
17219,0.533395499193399
18091,0.4007626176828439
24609,0.4612845861309989
13886,0.4659947232940393
1650,0.4730103590051205
29917,0.1750861547139594
26447,0.3109669433169787
27124,0.26301924266559945
2235,0.48575799456790314
28103,0.4510044180152586
7787,0.2389580973630954
20680,0.6261060481971786
12344,0.49605793289063627
21510,0.5843496581684522
4051,0.21439321777966672
11439,0.12246810081054371
13182,0.5828661806617039
14524,0.5036740720222056
2241,0.6568039996615899
2316,0.43462073864485107
18013,0.48313459703177025
7671,0.21388667543836037
4579,0.49548455198011654
24607,0.55379682772002
19638,0.3993791674375227
18985,0.2785191594781485
11386,0.30587016584367255
24664,0.3157580377360602
17613,0.45531221597411414
2343,0.5677422997812195
25636,0.5528091990444991
20657,0.5118796269172784
29901,0.5029434605891175
25532,0.39773395672269807
11237,0.4894148776279625
27562,0.730411902339398
2746,0.6443851990813078
21771,0.37104038135766687
16779,0.7830579545352361
16694,0.2250315551534471
12030,0.41662369380638536
28983,0.6808193625725073
7498,0.2898442055239901
28936,0.20000130316342188
20411,0.11888323131593813
21492,0.3425362464941648
7336,0.4249842838332533
13316,0.7436953292707971
22495,0.2814731848029363
2614,0.47174650066770224
1506,0.1688435735283216
248,0.3813908918189872
4822,0.5073812021782351
2734,0.08475734321196678
2501,0.4780510892334712
27252,0.5029370039252988
24217,0.4662549044399866
19053,0.5062045046515973
15994,0.3686200374867856
5390,0.730016911646656
23659,0.36483876174855107
8732,0.45543449043200623
8493,0.5047814460168157
23333,0.5649288516153473
19114,0.6612019941991847
3152,0.5019035093029974
20344,0.42485614202381816
9152,0.4841383323238962
19401,0.5068984390423306
13704,0.28202079127762153
3377,0.6080656453388561
25531,0.43618774650280495
9273,0.5064372694860035
22269,0.26719694573806047
21816,0.5311787525728531
3421,0.4417568254756035
1788,0.513096136891333
13856,0.3163613847978885
4166,0.4304944408361493
16707,0.3094456258192894
8424,0.4688945325966036
23378,0.5131577479579968
13724,0.13017736702594299
2334,0.3551776109757765
13517,0.6524177294013561
28467,0.3521160542006198
16121,0.673212803020789
11458,0.476069377706506
484,0.11663563424541662
3148,0.5378450654885895
26760,0.5145931527964701
17654,0.6038003567469665
10514,0.5782785746129863
6844,0.2697840246048214
24201,0.8231325822715306
13085,0.2513065325047867
29726,0.32386515021835666
27052,0.34190325727850707
107,0.3393739846439981
15362,0.5521348249088873
11038,0.394470270169436
15246,0.7398780311672812
20417,0.292648030894098
21296,0.500052833816428
9002,0.4895130201662212
2178,0.5414414186872802
27814,0.6150129281522188
21274,0.4567189694400109
23357,0.7401755773380558
7236,0.7392236903128265
29499,0.40555020269243364
25324,0.5802950944243771
23030,0.5911675046201124
21866,0.7620003723702627
17157,0.3666665925902845
13484,0.4851878910042022
1416,0.4954322404005664
26721,0.7442815218470114
14771,0.4647488663951691
21747,0.41766922358474373
26523,0.37961333551568616
15469,0.5532764813781955
24085,0.2972608571575083
3620,0.37491500302959097
12478,0.6302951839210703
25963,0.5100600859152435
7497,0.2636027751650883
11702,0.2803402027122603
829,0.6196769457620822
8686,0.48043429135802657
10491,0.38649263699397257
23436,0.6373514509152512
20231,0.5060951334466318
9457,0.6848397445037854
19317,0.3237386995811901
26883,0.21234206439132575
14839,0.4901007249876789
28381,0.35358311358327765
3834,0.4427451556171051
3900,0.4977530403261088
16865,0.7471792655418638
13145,0.5821685352056405
185,0.6163320657121538
15187,0.6663111028060309
2671,0.8948708170529027
13320,0.571268603118422
25712,0.531097558998913
14764,0.5125732344865732
21211,0.23622898635453105
24456,0.43083777023816916
26826,0.22388936221577538
6866,0.7269102249809585
9712,0.8006681842707649
25848,0.45910612210594987
21559,0.5711804991918557
4232,0.508547619590768
668,0.42850268576983375
8433,0.38256537559216275
8900,0.4200159831474823
9044,0.3039848618327227
5661,0.07611897495292373
10637,0.5776908582419945
16086,0.46951823208667687
28742,0.2894914351585583
22624,0.4343440102221845
10500,0.6283148311643233
18628,0.37367130711503566
18016,0.4601490065663707
27744,0.5100624656141953
23805,0.5431499050323896
4547,0.48006644455471204
17650,0.5668644553595947
10459,0.4790861187154564
2720,0.16956336696283492
24800,0.452682045617969
907,0.427389389502207
28449,0.5284080365989422
16663,0.7325451099422744
1688,0.4200231354553586
14382,0.7404472389895669
23096,0.38539156007774683
22210,0.6190848070913821
16633,0.7449185594778771
6074,0.1570987133872038
16034,0.27310599176697925
1123,0.4982636167060952
25691,0.40798990781660693
17604,0.677015108305075
27408,0.5531044300669489
13817,0.34648887109986876
15516,0.5748806297085993
22042,0.4756835931975821
17605,0.5452776879515412
22619,0.48857435694014445
7152,0.5821355138964753
29723,0.19338064010049316
15293,0.4555313806489693
8202,0.27632621959717496
11968,0.6656679073594082
8171,0.40756160852580314
5637,0.4339022671553037
28035,0.17772916469894706
25891,0.3449506859279827
5590,0.5248420435288884
3147,0.44953629009099516
28190,0.5931571123896949
23584,0.3083285649701174
11945,0.4767922609098097
26165,0.6400540262399479
25001,0.798433250389832
27604,0.6389476867255569
15556,0.5838437848881846
2196,0.6185658672039746
27642,0.6067496065038117
11257,0.46304733105295165
13561,0.3361990493265625
2240,0.3509926864294501
10482,0.49079275016603036
5866,0.3351395508370329
16359,0.5444108595777762
27638,0.6135257720927313
22744,0.6468105095645118
27500,0.5507977832495864
23892,0.5100032339700332
8050,0.2891425352092281
12787,0.5821323404631565
23531,0.35413104266000256
23017,0.7245081860929606
17252,0.4019599060022645
20072,0.605199412498611
10299,0.6219019847153923
5919,0.3580070591976135
22911,0.20437552584653482
5579,0.47252347858811067
12679,0.7383900629502017
16590,0.12498279946272241
2997,0.46223035311789956
11192,0.3378306019653568
11400,0.650821635982838
5393,0.3905057632644254
9427,0.5403866754998368
14264,0.6706049822406207
16640,0.34314322016220117
28855,0.49979767182882506
12895,0.31098868162437093
27727,0.39530345619858903
12400,0.7106496241006771
19026,0.002086385845659651
27519,0.48070120844229475
762,0.5681577690596205
6620,0.5350178274073273
2932,0.45272415552402306
6228,0.4961066434436672
28886,0.7772431387399751
18732,0.38517109022670365
5246,0.47850784598499946
17405,0.35924146881017327
2456,0.5263122102965506
28885,0.5509875641384816
25864,0.2667347395775715
5212,0.6996813190551174
18274,0.48957864684268326
1748,0.49448975389313626
11831,0.28485907959727547
28907,0.5362852366659195
23,0.24500443719891832
15844,0.29447435272939193
6936,0.5004855587147056
6330,0.5531254324505731
22484,0.5466270009763852
2967,0.5491161042481175
15462,0.3266927880467234
28204,0.38471160732027987
8152,0.33724788979991377
24674,0.6145051892898641
14345,0.6509702982517259
8674,0.30920405105517623
1505,0.47366789601523224
7758,0.6090162709803878
25316,0.7182027920961284
22290,0.4716158498698532
28338,0.48835385713959695
21537,0.6629680091323081
6321,0.06580069371641391
9011,0.3662663347082667
3944,0.6397825017756527
22926,0.2972659637379306
8016,0.4263116247466671
12225,0.4195059938768913
18866,0.24166306905511212
14753,0.43737751755448206
14605,0.5051450795281701
21737,0.6306683936340693
18901,0.7176214522197776
438,0.549862381230713
18482,0.39662789793975856
7984,0.3334214276172889
20994,0.4919688415204659
3380,0.3098526845464571
8559,0.40742627323909225
20256,0.33693468006286537
12960,0.46932277017650054
9734,0.5237918507359828
15378,0.4062517788037224
26339,0.7462811338270138
26550,0.5745668201845668
11745,0.6923939786354634
10134,0.30446865304795484
24144,0.1632794593464392
22323,0.44538007274698826
18288,0.6017550567646859
1462,0.13536748014603625
6056,0.5317699310683625
22750,0.6320177408872483
1640,0.7258657944078332
15641,0.5189118205751458
25975,0.5127551947772696
5850,0.1459054996154483
24392,0.33896844871183635
19945,0.5063245373474992
9205,0.2691847419325513
22737,0.5451559960859522
9748,0.5298210611476278
28158,0.471086908849826
16161,0.399758472839345
14007,0.6348910510222149
9742,0.4993227933862445
29642,0.6091315030716281
11967,0.32156358307848015
24610,0.2713497691877355
13771,0.5124233842859583
28577,0.48734218940915736
9792,0.5162876063463545
13000,0.6995131319438549
2648,0.23868623632467068
14512,0.4823414503184457
17212,0.5662229127634016
13955,0.4438448517009242
4631,0.4438985583390019
3713,0.4800957840592582
1687,0.3491386193171986
5616,0.3818141232828552
9247,0.6124502267111384
28149,0.20604920057309448
19388,0.5678045741304382
5422,0.3969541118814905
7526,0.4161528470811799
9540,0.6781819117099886
14951,0.5116733115189013
7011,0.2946910621715148
1440,0.5888914796067716
16147,0.11269346720764539
1624,0.31316868513952417
8230,0.6499838692836165
16008,0.37711298842072855
11074,0.20667260328061585
5485,0.3107603302724022
17814,0.4491474086736653
24592,0.6482061433478093
8183,0.7051386324766261
6427,0.20760336612359895
28104,0.5599129178377517
19757,0.5560889159326107
3861,0.7496132175802329
5643,0.7417182960997465
13038,0.52444936956667
18560,0.772182221942761
5868,0.0449957290475945
21567,0.5326779698772376
26629,0.6228575486921004
10228,0.6381635679551045
20784,0.5080033707535485
22133,0.3853803315050636
14297,0.579520771888801
23835,0.3781648679314172
10364,0.5026360823404179
26135,0.3041686319988255
27522,0.4792854601280409
1670,0.7106973651551319
21350,0.6223417032961186
10605,0.41423517033740004
24194,0.5075493668257031
2760,0.3707467182998824
9095,0.5772208060236953
6591,0.672481695934402
2518,0.619772082338379
6951,0.26036099249763955
5570,0.7178696655233582
2400,0.6665910612874316
13869,0.492824693602348
27014,0.38039002160691066
29950,0.5029962555928416
25423,0.3845321929549652
109,0.5199817474610685
19656,0.6082310576911336
8057,0.352837296769146
26236,0.5710802301405886
17965,0.5044792166957347
22037,0.3909734076670051
17414,0.5572815126317333
16989,0.5278861212244385
27391,0.48511458163409155
11341,0.39044155256904345
17190,0.3539293238915193
4383,0.1320349380977687
11143,0.6357716750727428
23479,0.6406289642868724
14792,0.39271365589398216
7924,0.3272502388512275
18445,0.43376730768852517
27988,0.456552986379225
9991,0.6147972895949048
7042,0.4197527428680152
3358,0.51342913604351
28961,0.33286846775917406
23245,0.6307997226391474
3002,0.42618670190347374
28817,0.5078411998090044
22876,0.46989926302907775
3259,0.47421010569614225
777,0.4281572856726405
18550,0.19966205513756732
20945,0.23841978474090333
11754,0.33880826691655935
24546,0.5819996004935785
2321,0.5978280511034761
22280,0.5076661285040337
17626,0.5492665635484997
399,0.27226448235910633
8630,0.2656287913071648
3141,0.5417051263852914
14621,0.3524747200574181
13203,0.694803046714679
1140,0.5899792420949921
12827,0.5349891640917785
7039,0.4676164017081558
2471,0.45302122217496915
6637,0.14721094336532536
17666,0.5257843018318972
26619,0.5982974384093581
19287,0.43648778556068485
3635,0.593809650864172
5617,0.6261972237305656
13810,0.5267451870323708
24764,0.5759469858471032
7362,0.4983976949873912
29424,0.3317899465056194
25917,0.7439008022705392
20768,0.32974197205109806
24498,0.5283678525488625
3013,0.49042543489692475
16658,0.42237109729849087
7037,0.5786747482708794
5902,0.4806427071687313
7106,0.3380411611729663
27694,0.5812535663370785
10415,0.38511017120114516
10693,0.5275903012546816
2036,0.4933575047900794
15306,0.45463878872850666
12306,0.19660235022147024
10334,0.6469801979937965
6195,0.4640947574276238
1538,0.5784293083759967
27054,0.5948232009825757
4241,0.2896288676819367
27081,0.640777330765511
10211,0.35837507504978067
26457,0.30135306933671085
13903,0.3786531522224747
19034,0.6513592251426095
393,0.38050767585348294
15513,0.5490837038641925
13466,0.5392874412073302
29271,0.760190413047401
15585,0.41305622169166095
21697,0.5088589607508371
9166,0.42153760296154413
26984,0.3582899608670799
17249,0.6401487734895694
4713,0.7190251273663663
10373,0.44604786351796594
820,0.5690089988195522
5872,0.7119449969048377
5164,0.42869064251358097
23651,0.33396727695897227
27128,0.6227504365924299
13537,0.6064317815494636
8408,0.5172551065742383
133,0.56874482062195
26445,0.30083464330627496
16073,0.5666782231457369
8103,0.26592819352860747
6596,0.6260180515267827
14044,0.2235738913267026
12856,0.5909880441575847
596,0.25318185615114025
4617,0.44319999592010095
5972,0.3356820375743779
5466,0.498145704058721
12315,0.3784295772981681
27120,0.0875250559680466
15348,0.5597967194028127
24602,0.4904982619275858
19766,0.7777275866657334
9244,0.35393558282652365
1773,0.47998648920129333
23580,0.6444045238877668
12819,0.5675335339492461
9764,0.6837460393329992
21186,0.4730223780333381
20489,0.49294532938396696
14174,0.25772798962093585
4730,0.6548472624470634
11147,0.504242629654958
1994,0.4216550271261094
10659,0.9533777112032945
18872,0.5790355407208124
28695,0.5907472175045774
8597,0.20276495496101496
11980,0.6077037990577945
14734,0.554061592847595
22155,0.5333959828375652
6556,0.6146943984720293
1413,0.3593546611543437
10029,0.5112247474491224
13009,0.5498664681287511
20283,0.5942096377978049
6701,0.26079104700279837
17128,0.3046166475787793
5750,0.648903273039175
24281,0.49895463519211897
13691,0.46456747435434637
5494,0.7455387120098024
1224,0.36215475913857115
17936,0.7368972368117052
23010,0.5372910729993209
26363,0.5297556786242258
3831,0.6527787687420554
29536,0.7616247679093334
17034,0.31628500250558966
12891,0.47929195821047954
15499,0.2596452914887227
7485,0.7836817029561488
3061,0.1798357726420483
17340,0.4692896521275052
17569,0.6317306003987436
18952,0.5955266076264588
28374,0.2308471615748557
18229,0.5262617566361087
20314,0.30692237428788804
2186,0.4081208747943712
27089,0.5503140992922423
29836,0.6876710360619626
16704,0.6377905383878711
5971,0.3799722560771943
15108,0.23329724918820802
25898,0.7195223676535906
21155,0.32052070738114036
13896,0.36857470622643945
22706,0.31690902420601214
17810,0.4117441114914477
5985,0.477883790710258
16390,0.5016109186734633
15590,0.49386446872900586
28336,0.5610061067358031
6602,0.42442723133721344
20781,0.5206124855390508
26836,0.4481119575333721
6149,0.3655481793063357
10190,0.4133787773663946
22316,0.2891699366398041
9133,0.5345791244673262
28665,0.6233262798318479
15059,0.6091503126909185
21251,0.5790164787963324
29330,0.4962065626792798
3628,0.7648006689918313
28525,0.30200059340965824
14684,0.4347581199207599
6192,0.492364851862344
23963,0.47785248856694995
13801,0.2963638141502613
9929,0.6126167405514078
189,0.5159851889074404
2364,0.5448214007167297
26930,0.2878673597724157
2637,0.6587599347775716
16192,0.516447380708175
12695,0.4227870869539853
11367,0.1948775679096062
26047,0.4866002531233778
28493,0.28924444307663144
1267,0.5701742189400812
15792,0.560518442263438
6372,0.507322872713195
20043,0.5067207304487251
20145,0.5469891926890765
10158,0.30055145429769237
2849,0.47206376784023707
13068,0.40501276649436435
4732,0.5512299683373194
16686,0.19782718697896481
13191,0.008232213557536396
5270,0.5788856524912066
13386,0.6535327285076562
29817,0.48086457340251104
23153,0.3278370003732789
23114,0.421813290762727
12338,0.40899293296656714
15464,0.4522254145926849
1532,0.5291958825511366
21334,0.4682326853533038
14466,0.5169251124695304
14993,0.6636161611731614
1818,0.38822529645171516
12757,0.5740600455509878
26662,0.44050442177423327
4616,0.4662055043536784
4885,0.6248606382755036
9645,0.5006626297465653
24876,0.6078318038282099
6203,0.4893475551270548
29978,0.5534082431422421
2362,0.4843332763292129
17821,0.8699857501943281
25709,0.5486683083456857
25979,0.37129196009669546
27999,0.5640762800888703
13004,0.07736314832938443
25421,0.5653900752360649
10919,0.45411657590276194
27103,0.35074224244870383
2579,0.725634779097601
1327,0.1860371715017486
9485,0.5949149455907857
19278,0.39295721901310116
6861,0.16678666114185334
25947,0.7852382492930047
3433,0.2068866129178669
17948,0.4939567998433801
27657,0.2807713567395671
26078,0.34063597268653617
16257,0.48370317725492223
26049,0.4270290211938692
14879,0.431581567549889
16703,0.30576395611110946
729,0.52133310385323
15440,0.7273114063161996
20678,0.36388362806589675
14855,0.37646372746935497
7,0.07887932913768551
14849,0.509958453313848
21959,0.6016723517684474
4089,0.34902290647585027
18804,0.357554623828167
20663,0.4994280189592601
4238,0.6929046687961885
11007,0.10637712717760618
6658,0.5887565585406852
14269,0.6207019274898217
8935,0.5006518115536127
24067,0.4708303937643889
18425,0.45140276269575547
28361,0.5911079415012327
1325,0.6887345465859612
25583,0.5064599824522737
4644,0.6073913949758953
14547,0.6280329277413088
2673,0.44104989283773727
2629,0.5071022733721576
4937,0.6924447551825818
19361,0.4797530119875917
25781,0.39526798843531535
29785,0.6011001208026446
8316,0.4445747653276808
11515,0.48578384632495447
22702,0.5749305384318976
5626,0.5661706687330471
26716,0.3295862054560314
12304,0.2270435985586917
8430,0.23721784422780753
15477,0.49304450251131254
22450,0.6366085162398148
10735,0.2806039018060934
29907,0.6569422877748899
4618,0.12987546236146133
8717,0.5055856588240002
1006,0.517470024363959
21710,0.5886461612080961
23569,0.12370862352639171
4933,0.4599659421619253
18341,0.27377863056572865
13408,0.4665139124869409
15951,0.25730043909080585
4592,0.5027064762047899
13958,0.4800596169186157
564,0.439204006067995
9598,0.42991821556648674
12605,0.40799061629604044
5885,0.27686815760059513
2011,0.5727339502990836
25697,0.5552387745182252
9517,0.48841313280031745
20080,0.6938218536756172
6765,0.45214811026431706
11085,0.4872405201134306
28416,0.36171276480755826
14344,0.22240111216008732
8981,0.4959813632491798
8725,0.2342145573022536
26275,0.4790589353903955
3897,0.5432000176365211
2431,0.32805569237422394
11320,0.4802704322207956
12488,0.3731793329732915
18118,0.43025593878137797
14919,0.4731462650591601
1887,0.4768641229097461
20880,0.6561198733637051
24994,0.6083256287082616
25850,0.31450370451618387
8451,0.45648642657097377
14679,0.4103144944759422
20770,0.7366698228845284
5377,0.6942535547896638
1454,0.419248023983579
19459,0.5242180800833562
28496,0.3810330092319036
28568,0.480650776026486
8250,0.34367878746578245
16511,0.6485279564440969
3934,0.49699586658667233
23230,0.5234359421953911
1725,0.47337627657447223
26684,0.6772946335011804
2731,0.6896301469474534
1854,0.5408788493191937
17636,0.588406969590521
14286,0.5193244891206578
4218,0.30517507781684045
3058,0.38964739837442486
4484,0.5034316539210535
21648,0.5573596459219
29183,0.5655585017860711
5053,0.4919922482347929
6612,0.6028227486893668
18926,0.3878614960336704
7226,0.4418211172834585
6415,0.5033270284153097
24439,0.6496774246371176
12190,0.581235511920052
12567,0.3033551687859593
26854,0.5877823081302608
29784,0.45097818035287635
19373,0.6773211884565349
2322,0.6540287181085483
5699,0.5265195257411691
7626,0.46428224302808757
5376,0.5690228733913077
11112,0.3790391469408465
23919,0.4058735199323527
12483,0.48204115147844945
13221,0.591832763778143
12278,0.4198278421614466
17827,0.5743869452484497
3991,0.29904675991221336
675,0.5030840940866254
7449,0.5011986211296041
24970,0.2381557028171847
4939,0.17924353302308815
13259,0.43823731332939825
17563,0.5209090745606209
9773,0.3760310798368464
12898,0.5269111763405
3998,0.40006035872616263
5763,0.4559633135053848
23225,0.4795763551874179
5296,0.786279523870106
27181,0.3789953403293084
22216,0.4945828605907068
10979,0.5444939265669193
22705,0.43726223752183757
8647,0.6441169948486777
25908,0.18513275827701534
3862,0.4982243593307058
10718,0.569723549065492
26458,0.5904893099839367
25073,0.24627521568581776
18525,0.2607754449324861
3350,0.522615521846947
5713,0.3850246965087108
6799,0.382752094647236
15051,0.4635085892303936
28797,0.29342453753774406
854,0.22662365763300052
13554,0.5078158563174276
12673,0.5502792731569126
4229,0.3423331364335231
15695,0.4011719545405949
23062,0.43320824450332057
14738,0.6307997226391474
1865,0.5228401962992318
23522,0.5676902464653049
10402,0.4863025504247853
27063,0.1763927427825652
21399,0.3839499695944429
1486,0.5033795348053028
18900,0.3677292380398261
12324,0.48244834644399015
21992,0.5961568163335204
18342,0.518078523353105
20706,0.03751890273695085
20221,0.5481098394967758
2465,0.37238891623998344
28865,0.5756903379962158
830,0.36539714065803447
27401,0.41943126224176885
12592,0.4273211050355297
12525,0.10965412991440741
13739,0.49959949404388376
25268,0.48581597417967354
6995,0.1271515050679054
1699,0.640737774121839
8678,0.7434906472482007
7523,0.4046365043470259
27268,0.39625966338253543
11782,0.4383828831524072
15586,0.5170559571767158
12952,0.7423172147777694
15775,0.6494160518039402
3572,0.46487865846373694
5195,0.2578236423837554
11854,0.47127926185728725
16793,0.5639072371510244
2550,0.4698420888102137
453,0.5183064289317327
13709,0.4958167300957306
1745,0.698337993675359
17840,0.5248258547396089
19683,0.6303073600142024
662,0.6994369961468649
8871,0.5615931037543795
12503,0.7764300766354051
21090,0.5107672497814341
3089,0.448124562217379
14920,0.3837376791764826
21638,0.6099334651699833
1991,0.502086811678648
21759,0.5790646068633181
26206,0.6473219177397848
24594,0.6759999231369974
946,0.43026182837309096
10879,0.5084484748979744
15972,0.49229532288669403
6705,0.5709200946822305
12993,0.375342551213099
27615,0.13803481515228824
2563,0.3846650052495178
2085,0.08391076407114305
6941,0.47009528678991835
26849,0.2600093233116076
15413,0.5183365897590398
14293,0.7665307291566279
4281,0.42137907908781175
18841,0.474178316438195
9301,0.4401537628680137
13178,0.6655404946582114
22728,0.33363488243352296
9406,0.4992580826935256
16335,0.365974348696529
8889,0.4097454017122606
5005,0.5282947188494516
5620,0.7036009522364189
9689,0.3917774589221224
19778,0.49160654443305196
26642,0.2466417250873246
17637,0.4688559297541821
29580,0.6162881194659864
22897,0.6127184966988688
629,0.2701528091993875
12957,0.39240828997447513
2037,0.13085940378238717
5612,0.6123826652398715
28478,0.5337375041453536
26569,0.6702086026903524
18820,0.7851512080033912
13919,0.4926800654281511
26831,0.31528154078913967
27797,0.2816657870767692
3629,0.39868785285474445
8329,0.680259671646022
25900,0.47522150697840065
11010,0.6361101927990385
29355,0.6026638648706605
25215,0.20165325714995888
11264,0.5047965318552442
15490,0.784113124926118
29668,0.36922927426693963
23359,0.3972938565321071
26099,0.5067324073388869
13973,0.418417360907374
17318,0.6174429305842258
19919,0.5231023988287459
2900,0.48524989486747144
7304,0.47063479148544934
26174,0.08147228900978247
6064,0.5787770422719465
28728,0.5129755482654043
16643,0.4984095690119615
24021,0.45872913753881833
14252,0.13804794165184978
7799,0.6600760245397546
19376,0.47596359217619816
17320,0.494448231916242
1169,0.3658543747304553
11787,0.40405080997989296
29349,0.12984612795313752
21025,0.307538831474861
27849,0.41492596225594264
1798,0.7575027860326619
20177,0.36965165045416865
3798,0.4734959883225838
6361,0.4485586972898486
24353,0.7338887647575635
25521,0.28511304382039576
10995,0.49978551473703053
2219,0.1113373990353433
7214,0.5921340266090227
16822,0.49702793687158003
24698,0.38325907598604525
22921,0.12502067375219594
4557,0.37986162248817607
5139,0.30295418925218426
29378,0.44692824545927556
1569,0.4933087984239702
5282,0.6594223389899727
19240,0.4190752562568614
9318,0.38246418322914516
4382,0.5340628523339283
22831,0.6170127100111323
28693,0.49452998345989024
1780,0.13236108971016255
16825,0.6585219074453961
13017,0.1789529501483491
21244,0.4449619267162328
2299,0.5087546122045917
21352,0.5017470120733457
7745,0.3883313461519249
18772,0.45481320121700247
2142,0.3048425840262396
19304,0.2450543678073247
5397,0.5646393332784165
26043,0.6425131547082495
1215,0.3061377702449593
16318,0.4061313715867286
10591,0.4878393091932021
5193,0.5235578790589644
16837,0.4500337184604822
8971,0.4993108583081997
19300,0.5415590576982382
15536,0.5003287082526319
23773,0.5397179884269786
17633,0.4900928128913648
26873,0.5044807046530796
22072,0.19721544417501613
4843,0.581276513374779
8156,0.670751515402274
17046,0.272063035867331
24997,0.7463505421163151
22310,0.895229195918061
17191,0.535718194357312
17215,0.4132036557696594
18861,0.566836945806828
3751,0.48790928382926513
16324,0.7295229780905009
28972,0.5552390888272298
7818,0.40532345526097585
22594,0.5793584914173883
26382,0.5183439202242549
21827,0.40178331788330146
22066,0.38950652423011506
9526,0.4667499070538343
9272,0.45186937919325754
25401,0.4853996804639773
17428,0.7072087615473297
18577,0.5373452125368137
27059,0.26782869479653054
21393,0.3803930262121627
12119,0.5584212423678672
21462,0.2395463922067073
5765,0.5127240317566388
23885,0.36234668049466373
5888,0.4755103737554805
25133,0.7800120822939357
20701,0.020778750391284764
15167,1.0694198739266285e-13
6491,0.3444965902419626
7946,0.2941925360051199
17565,0.4656521422890069
16757,0.6104344319080867
9637,0.774522199985916
27852,0.35270347456905077
25489,0.7246056523236172
8842,0.6556164139592862
21870,0.47214996675411136
10128,0.2595670644608939
20901,0.4676557609429309
7894,0.47136652016354663
28408,0.28848577403573605
14937,0.6579959856031398
8342,0.54285854854181
23981,0.5594123293101517
572,0.4299261016172505
21201,0.2540575732032933
1595,0.533870629974425
5179,0.3851807541768066
15060,0.4587111673895909
4765,0.48560896580631646
18463,0.5546235751601832
5095,0.4688330339471209
21285,0.3575191453864637
14191,0.28820239721750085
25498,0.48204425130757533
25887,0.4169747361099135
7945,0.16816168693864028
11263,0.6535814596228832
12492,0.4134734326725402
11864,0.38058527340355025
20272,0.508864016347013
2126,0.30153661869652926
28686,0.2896415903252639
3616,0.38808127783683494
1753,0.38464850943684176
442,0.3037283151494848
9093,0.5571324152574634
17434,0.4831242644924558
835,0.5063385262895458
2568,0.49580300755846807
27658,0.33190111487824314
26195,0.5457007501898091
14237,0.3987213838246651
27986,0.5276802962936791
18358,0.2711032160860896
22364,0.37259846425125803
5923,0.40415682094883937
29741,0.6461096277999693
8878,0.3949118677350476
10580,0.40297513182051564
6481,0.25470539590896674
28112,0.34550138078745807
24917,0.7158743468432088
27603,0.37853147450973773
23265,0.3594019168022225
27697,0.5076979415759263
7419,0.5785337092727562
16466,0.36875832598363173
16388,0.5981465895439965
11380,0.0066219411576697385
12105,0.26961088858633886
27271,0.3170970480149315
29602,0.6248819753530933
3263,0.5319350795346253
9846,0.5231501296823943
12945,0.5066494399820719
18543,0.689742738424102
14305,0.43279463515138955
273,0.250143495163133
10551,0.5239059108390087
11378,0.6695356992962044
16038,0.5334741255371568
5154,0.34278270434167607
9581,0.4665628839510189
14573,0.5041296555693996
4810,0.3783947606095798
17736,0.2926854625402046
17471,0.3128280635139944
23384,0.4269924776897431
9420,0.3092774209606838
27259,0.4231260018839738
5751,0.5185200045173729
5621,0.4714403297274948
7864,0.9316729112642609
21868,0.7757996697159206
6623,0.440726578657437
19336,0.540428894713194
29566,0.45708282644891646
20046,0.4911577141336309
15782,0.25255961771704244
26965,0.21533260066588789
14908,0.4089167765289887
4553,0.3911953927139429
6414,0.2841349245566226
19745,0.3290256381235823
8058,0.5403243142610049
26259,0.20393200718116633
23322,0.4914541172235906
25579,0.7020238953994541
10487,0.5414158730377504
21991,0.5057974319108882
7027,0.519276084773372
24059,0.5094046248345544
14981,0.33096945772955827
16124,0.48334510350447185
26268,0.6104843574690387
8297,0.6843669903412172
99,0.7108125678887477
10400,0.23479625511335925
13515,0.5090467809782369
6891,0.26121163447239076
6907,0.17391936858138687
26108,0.41872866674877596
23564,0.4215262323646387
12489,0.4294848294123219
29855,0.586015227818627
10965,0.3743976828442284
24110,0.5131872955455755
22176,0.5040345498696742
1292,0.32934802263474267
19291,0.3138963051333457
13345,0.42779198278883973
15121,0.8818899796247369
24833,0.7243099100347489
782,0.5502192289463266
20511,0.47938842878464943
7200,0.45832932322961106
25619,0.793837650466754
18164,0.3839936481681696
19059,0.6472934834782804
8987,0.3591757831285794
7213,0.4430040842588027
4833,0.3838874877093796
5948,0.4761055889266957
25491,0.07970959304858594
19190,0.5453951992985738
29990,0.5116733115189013
21207,0.5963871928117304
21277,0.45924282035771724
19394,0.6743052083893625
11392,0.48766260367948094
9617,0.5935280744142041
4415,0.28229986156308917
22461,0.34672564300544817
3809,0.47903248379104707
10835,0.4139716388056627
11465,0.5761716841870969
19550,0.618834609036119
20003,0.6397128135664037
5896,0.2935801839746736
18011,0.49572928435239993
22356,0.4511786489125625
11865,0.625409676654488
3826,0.3941922625124979
22760,0.5887836017091893
9528,0.5447295463457832
28764,0.3475733841342868
9833,0.6722450562487815
3323,0.37913323965682405
21011,0.6352308031959678
7927,0.36955487458785496
11432,0.48060741491077935
1901,0.7478124205792893
7428,0.29085880882439014
23058,0.26695586595679477
18224,0.5548086887764107
3261,0.20910676661595673
19632,0.5506739127291521
22815,0.315628276325061
24794,0.5594054909684245
28313,0.47338847824705454
23150,0.1904355764580279
16512,0.380551533760845
26554,0.5396863491598596
4622,0.4379822224864711
16371,0.24617774902567482
27656,0.3869300303934366
10707,0.47415236656569987
5054,0.48767938723270143
4936,0.20863806011812716
9045,0.5750897205837208
19437,0.7570176750583394
19878,0.45547362956643217
7254,0.10102807512184186
24508,0.6357816636656608
27629,0.3964649996145153
19195,0.2820250162323997
25598,0.5335697683763351
1234,0.533303318125972
20721,0.5216513773272625
19184,0.4943311782619047
12171,0.4293450701353139
19949,0.5679996454762312
8308,0.31548489186456097
12867,0.2589148303524582
15647,0.4332580915049326
7603,0.27586171618662453
24865,0.5240616335118591
27645,0.489727233099819
23616,0.7019738306283959
19545,0.5027993302360844
12187,0.7287467773785421
4378,0.2884090922197164
2228,0.2755846963100856
938,0.7331873023517556
25892,0.4930381476079371
26773,0.6149452384033752
6336,0.4782615106471267
1586,0.4297543231314996
14553,0.5304231081285268
6484,0.4308052784661158
9786,0.6978121286308593
9364,0.5114568779478021
4555,0.8244630021618399
26711,0.4621877087976232
24306,0.48707999779755173
23328,0.6561343626872496
19527,0.46339697706081634
26472,0.5765077902900746
17695,0.5008119547759521
17952,0.21104216127476724
27294,0.4954016987930629
24568,0.09250207249838062
8364,0.4210483065988548
2632,0.3039814491235912
10843,0.6172590964303554
3509,0.6326541533371843
13961,0.4563300999733146
5906,0.7691720421004179
17072,0.4311462018351524
16226,0.5454172141306934
28540,0.47094496073301784
25790,0.6329296116204458
13971,0.44972087749627737
24724,0.49995037065158465
6452,0.287413133191754
8208,0.49299300552828856
5557,0.3225706856127578
18361,0.6747212894707938
17134,0.5585899508974687
5889,0.3181859539285779
20170,0.47050299378243676
20478,0.5816007550145575
29090,0.4464014343096144
2067,0.3855826609391569
6128,0.5146654189054733
20171,0.7219683154831041
4477,0.2234524419160913
29947,0.45578015463852156
21956,0.2526492640366707
21406,0.5065684941186742
1566,0.5101537436204483
12296,0.4230975105577295
16813,0.49739749063551436
8005,0.6915042893262746
2621,0.5839037424295005
19488,0.6661775435871445
15111,0.2844730035045219
28249,0.30216157212613654
11225,0.378778177577433
25732,0.4353355347271619
4104,0.6234538570710505
21179,0.37018811565003235
677,0.22737857125539926
24877,0.4981540559281967
23896,0.3861871021352516
17517,0.4030388413216042
26167,0.6924606780792443
25054,0.4895401919821305
931,0.47615695481460435
19003,0.5188637826572376
20594,0.48735884075141483
7507,0.6062479178092179
3091,0.3574126951388046
12180,0.6070848009872986
10934,0.5824532154092691
7170,0.5095667900197467
14296,0.39582673457466844
25612,0.5356591926695545
10020,0.37252565701312673
22997,0.2723322850705448
21618,0.517544843680191
23306,0.5830332047698481
14001,0.6146142205353142
2717,0.5636982116656811
12893,0.5938612728223854
528,0.6016291454483408
14812,0.49065439945971834
23627,0.35337904635393763
23541,0.4589201818106319
4993,0.45576308804616233
10818,0.4719041752863536
29807,0.5487532520196469
17659,0.25153403107387484
24247,0.40080962425647293
6970,0.5721507023817748
17303,0.7270594909509285
849,0.26553512090868975
29513,0.3523048567381351
23308,0.2723286413303371
3750,0.5390131291242106
17019,0.8056988704262128
13976,0.5116066188719274
1212,0.32025219907695507
20235,0.4781469732451001
2832,0.4816798239913794
16991,0.47707951385589625
18832,0.46151159468955355
71,0.48200561541091025
24520,0.3710368511124528
16242,0.4106335467090774
12825,0.5293317847536305
27734,0.23943949804810538
6857,0.5951950520494699
27723,0.6441118211074784
27400,0.4221731872579478
16350,0.5342444665464784
14342,0.46051177407917043
12447,0.4873835355351779
12529,0.5832342567879948
22660,0.5026550633266692
7897,0.6465890175625953
18473,0.5872104403803183
10043,0.44236145090746476
29084,0.37127376780182225
8883,0.5816326463071532
10375,0.4628836780882846
15962,0.38569330827942166
29187,0.8402082103500983
29834,0.47852926690505776
12948,0.48751442531650957
18566,0.5961471192903163
7099,0.5272660737229913
2382,0.5038071389442518
1323,0.1500817435490921
20093,0.6110284770365673
27012,0.4813451303732749
2685,0.5760225021478661
6504,0.5655036992210062
25142,0.6011793440986258
7181,0.3026544190407517
3524,0.5832912476536746
29283,0.49904570698135925
20447,0.3157207091219576
26564,0.3743184935529467
1720,0.6156450030835964
9541,0.4699388339835373
22301,0.15540787593901786
14949,0.6471536834981072
6230,0.5044223838489706
1170,0.6622598172193168
1463,0.4711012249851596
27471,0.4959630254230676
7670,0.568582197347777
49,0.5453130440127282
20049,0.4005415982870953
21990,0.44976626494941935
23859,0.5665609835112536
4763,0.2924853530054234
14846,0.38344157179263055
1626,0.5596019598956234
24028,0.5442922339429668
2409,0.30810874424267115
2634,0.42618735773406335
6406,0.6537057832070707
7660,0.5592388906771358
11971,0.08372095412354459
2068,0.013904647166762952
13274,0.404985322184272
5726,0.617987446589141
22065,0.6667641021397338
22680,0.5620233964628215
13866,0.496056963901853
21199,0.41943677186787415
196,0.3861390248206333
19168,0.4762790724044271
11314,0.44729343021610485
11933,0.30394865598171344
6037,0.4374806651469449
12591,0.4944966082863724
21446,0.5620018387782727
6897,0.48565595903648306
5607,0.6063157874757344
7441,0.49351875847836285
1209,0.23542250364219655
16256,0.41386170686626617
8483,0.4994362749522577
710,0.6752372029342086
1247,0.5030357932281243
28163,0.6107304377550716
28780,0.5099725532566054
14506,0.45434976176109015
2426,0.30133208126154304
4774,0.4582670530689472
14083,0.4725389106055973
17509,0.08613117862973678
13516,0.5747058521115597
24318,0.6767103793190413
22572,0.33569766153286235
24366,0.4029025594211078
6828,0.2192943437100018
6339,0.3615654948615376
10002,0.2202129064687166
7992,0.32856297971703
25774,0.3775714339221204
26256,0.6174442605255859
20754,0.32710846574596947
28792,0.6114004443417098
27896,0.47290263759414525
15375,0.2553824279657151
14071,0.033252864500298004
5188,0.22193309128845617
21777,0.618263032631427
27934,0.3166977287154462
1270,0.5240155525032595
20322,0.634061000332171
26820,0.47658101837315536
1391,0.3022251564510157
40,0.6179015696349682
15142,0.5811435437841682
7735,0.4957638160763742
2921,0.33271105986422245
16217,0.36585022098209924
13401,0.39939223178614963
27483,0.456324263680921
23305,0.5080551484450004
28867,0.41422614139293756
19070,0.721862376175974
9586,0.4239434205743451
24497,0.3657180444495636
9388,0.3834028643692741
4305,0.4660260035344274
3157,0.5180188549350584
27532,0.7250937404946213
19790,0.5047633520459697
29529,0.5694907420838341
10594,0.4464237334474279
4150,0.5909753593258039
9481,0.5248905730666987
16725,0.4010340393023509
3724,0.2170706213901963
7014,0.5111133109461204
26298,0.5945959588960411
9455,0.5367538331052938
18144,0.401003424223382
14869,0.5025539944186826
13149,0.19991858496523238
3608,0.4686612870101445
351,0.39131056082025056
11118,0.5945207035426602
15664,0.18029227757987806
15001,0.7879928125691255
29441,0.31713402229789817
11965,0.5745029830599615
9486,0.5955976836170279
2275,0.33019965191770967
29247,0.7248902704205863
26070,0.5101945453364815
9338,0.5807609469600225
21301,0.48717086183167274
3305,0.6010944901310881
29994,0.2890708992974102
12877,0.4550776799317228
28070,0.25251510719760323
8786,0.5848622531026638
10212,0.504227589945817
27803,0.3308879295258465
320,0.5485292204076626
15310,0.4518683191916142
20028,0.7622796986600543
27122,0.441160883007728
2040,0.5281634119875246
25116,0.3386178343922166
25925,0.41042842733879475
22142,0.5138202894676834
29094,0.2286670955906903
8640,0.39034438775491637
13602,0.30245910872942156
5045,0.34801171539501147
4176,0.26665037975192835
10542,0.5307187876318743
10750,0.5964494472846026
25394,0.7292688627008391
10971,0.5162667190232494
28254,0.4338182619233435
26698,0.6118714354223208
4077,0.4529166580179648
17272,0.16231150587383814
13422,0.31894882644894
16051,0.3293196726960452
20390,0.2245958673275461
13685,0.32500036946654487
24968,0.6198289776382403
10280,0.05750379823510867
1982,0.47100427824286406
15392,0.6289843136655154
20526,0.3613759370882172
4752,0.6537002508685409
594,0.1746024148783731
239,0.5559842565175573
5454,0.3720124254430171
317,0.4066769563546139
14141,0.49474066841812475
17054,0.28252209928586874
27527,0.6817096905405237
21560,0.5849916410558259
10630,0.45113340174935157
2924,0.12373230774771497
18263,0.4781691084303254
5348,0.4999282498297051
3113,0.32787933734755165
21072,0.2712036198672865
7041,0.37420347074343846
18516,0.5990252863410528
16114,0.4759294978054258
20577,0.47348412818466645
16783,0.5189620083050931
6742,0.6659676581477637
8301,0.47470844996773937
3880,0.20689141310753464
1923,0.5136478697268737
19973,0.5179510725477253
7392,0.5539839682025872
20073,0.48375101621001565
29218,0.48712686284029405
865,0.6400899865808949
14207,0.2859674186420091
29788,0.5399339032523319
16746,0.37520674010407973
6311,0.2932436008768589
3422,0.4420001394093651
17451,0.5409692923941621
29658,0.5655217665947506
28156,0.7514031165910208
29993,0.2551710404983551
15506,0.4649471758707053
12040,0.5939261767489852
18997,0.47849799284062905
21429,0.3912851446685795
27377,0.5922684502129144
10218,0.46863535230256786
22425,0.6228668512261657
29160,0.3584078373364707
22418,0.7479834185843194
14246,0.1654436023994793
18160,0.3379624953667874
18041,0.5050534958023415
27910,0.5060942215902312
18523,0.4448393696851845
2554,0.2898740087163849
17922,0.3834495126821726
27520,0.24564872394308232
24842,0.7310015036372558
22833,0.22343663224239405
12835,0.38006656411264395
16929,0.5522286911410276
26033,0.3933635078882552
28029,0.5026492929969678
11373,0.16399392518419686
22064,0.5004578413585955
3850,0.5554397332484231
16702,0.3772593467442338
29592,0.29543588893155387
9787,0.23784394151888547
18559,0.4899373628452019
260,0.28570635770321023
5094,0.3817301558050729
4134,0.6129392080187251
14548,0.28207985158938703
28423,0.36415442982514756
26254,0.0737422276476767
29407,0.526603988564919
13772,0.6707035547694642
1034,0.6526737514795369
20543,0.2424673622639969
19428,0.6173227207857814
14885,0.347541337341172
26688,0.5172700877606723
5581,0.5071763221396735
7503,0.6625013424222903
24973,0.583603450435615
28706,0.7518527120337192
27559,0.36708084896807575
16710,0.2658810370987931
13580,0.15559331793033168
20799,0.33591949190787834
709,0.7818174634073544
7208,0.2942609360999328
22585,0.5625446269475192
27265,0.5802633882789088
21351,0.510576223232035
17941,0.5298945057298071
23079,0.23911897116453598
3526,0.5329739034777718
14627,0.4497351560606191
28594,0.4994972753028451
12809,0.28537340828259994
17866,0.6032326503665715
18690,0.44166950955032
21943,0.46498181811895306
9732,0.7576346013337044
28564,0.4609512999284331
27960,0.31159620064401405
1704,0.574757870177154
12801,0.6877802502845051
16312,0.5344888299456767
21069,0.6281803772755076
6808,0.5385661140002714
17499,0.6381216897652434
24780,0.500094730517478
11751,0.4923006588846057
6542,0.6869044741743365
9864,0.4826214086350531
15135,0.293583750499066
16622,0.6149459207078684
17820,0.6569009265767212
5297,0.6640488229644438
16796,0.49451717093109515
11405,0.6259785465953093
10206,0.42665793296590343
28471,0.42833288118493096
52,0.7192758857112093
95,0.6105322609169218
8077,0.5182548311164136
15938,0.5895296830665214
25931,0.6509045806016688
8033,0.5550599309239718
4790,0.3230816601808744
19706,0.27771754141107236
17687,0.2938676327914333
15148,0.7577777288209555
3183,0.494081524469469
22967,0.6341063086706918
9042,0.795836012389235
597,0.30033313046779214
9097,0.2969832142826283
2686,0.6691512249880992
966,0.5494504503407279
17079,0.49025004197580385
24820,0.5279370945564817
25205,0.5782187262031852
8371,0.3402181637692992
10179,0.45230959836218804
21182,0.4815822037922038
16298,0.6009566092324348
403,0.4021879763233849
6367,0.6057371015841931
26718,0.48277750386769913
26855,0.722441177332163
22339,0.5939021588551392
11182,0.722234887732455
11168,0.4359185668207946
21792,0.6088627515480574
15739,0.39240927554121424
2473,0.4649347703511401
20572,0.5208845798420608
11001,0.46474553149631065
23515,0.4672976405238109
13682,0.6560166322293183
24652,0.5999904644294761
11277,0.8322385278968575
28087,0.721845030254333
751,0.009417854866017124
12829,0.5422102150134722
26936,0.27992347368455106
13916,0.2633003022268326
10329,0.19513182123513695
19055,0.5087674624575247
15768,0.615304837634869
25034,0.424390147837648
15914,0.178277156604025
8574,0.5515359926777192
27911,0.3015148416933994
10098,0.28926181025073394
15313,0.47679841319406285
24056,0.3632687989436237
10528,0.4077876965631592
12962,0.7839394794119131
19918,0.7678829951024754
2146,0.5785867390890692
12228,0.3848248578928614
20549,0.6125988135401742
22653,0.573081551148504
27164,0.06760901196867085
18996,0.5843775686365357
7085,0.5802914932936168
9602,0.21287928678417098
25402,0.40730857306428153
27437,0.21704201729997954
3399,0.24610733835325624
19253,0.5503890657791751
25189,0.5350980896568529
5225,0.37405870434918626
15124,0.49282982805926706
12668,0.504128473045431
19020,0.588237650466661
6375,0.756919236673399
8174,0.006464008680466037
20519,0.4945877332222392
6201,0.6496066731549269
27244,0.5544889487818008
6955,0.27583382432195735
18138,0.6852200902258252
28655,0.719772011868208
13480,0.5057508010147548
16409,0.4866292850760054
6590,0.653632427916452
4421,0.6874311803135541
5337,0.30448933568336023
20863,0.4900000132742979
15089,0.26927257877112754
1885,0.3824208006178142
5044,0.6359489592839999
15027,0.2661976208191838
11126,0.3922358532088223
18535,0.31966919652829834
1844,0.4841124553845427
24452,0.6062859726295025
1877,0.5041725626686194
104,0.42705835223279837
26031,0.5885134711742831
10277,0.6215701100203956
5239,0.6373234726037235
19391,0.33724966459996725
29663,0.4265189331893759
26057,0.4862304493126373
22700,0.4144995059050259
21168,0.4186366842815257
4731,0.5772174881951816
28569,0.5041711103115608
14181,0.3104199324285739
28131,0.04260854451680854
9070,0.23422173540354776
22355,0.47804590163992317
26267,0.38128507384022203
22501,0.3319039455238335
25546,0.5904977158659331
14163,0.5309450745506606
27921,0.598369010112741
26591,0.5302437722552821
12394,0.5012385933865428
9852,0.29468078702305006
1136,0.2784420184008945
29689,0.3802689703595202
9715,0.5946267195136647
2591,0.5408113879777884
27021,0.4857867402914531
6803,0.4821172625422531
10683,0.31001805656490844
25158,0.41121451845486184
19208,0.7357574997785795
21511,0.4266304771846312
18776,0.5289557201115583
10232,0.38329464471384916
29021,0.710617036183856
3153,0.5343822514171562
9169,0.5820820004450625
8902,0.606841059621031
27442,0.5918141020051642
25951,0.5935856177165255
22773,0.4519073466748152
16546,0.47094527481216025
17364,0.48550624431389466
24550,0.041179955307865425
11554,0.3317722688718315
23101,0.41598605863827026
16941,0.5265457392266643
17195,0.2684559040930723
15555,0.47787350860376515
29099,0.4946373883403912
7558,0.6594930980278958
12991,0.4939898322385233
7967,0.44758609494607055
1087,0.14702554428106332
23873,0.34311092430505236
6940,0.35480547976368415
2288,0.42600259061065154
7952,0.41836403578327536
8514,0.2829973887762131
23687,0.550411820079438
11897,0.47758255469757266
16179,0.4304635871979523
6509,0.3853927496826011
1821,0.8288565276815146
19959,0.7211252318197804
2631,0.4935963513049275
18030,0.4328950867851719
3898,0.6234685170843376
19281,0.6424311312682542
634,0.4617911543525603
9333,0.44214926995287906
6338,0.2764180080353671
15068,0.5755184182132944
8390,0.44513325221574984
1722,0.7243195755864207
10749,0.517642255603856
9236,0.6048106279434003
7534,0.34488513029386997
446,0.5163351771839917
16462,0.1912092375008573
26986,0.4877258911079024
2234,0.34238407650801356
15904,0.4257664160303594
28074,0.2771810591700676
1253,0.6246283720054239
4005,0.2444744165794166
20354,0.4990169323938091
5651,0.4153162406858815
14483,0.5623953385874079
732,0.5773170828544983
21058,0.474453614235149
20807,0.44267349040940807
2336,0.290294519685813
23105,0.3036682817294569
21229,0.36900439076659564
8527,0.4101905571320302
29059,0.49317537031341024
23829,0.5954386244722258
27795,0.6717239762246526
4794,0.5000772822035032
19324,0.19354411177276673
5841,0.4112747299886017
9329,0.25411129419311657
15434,0.5271210757099468
12929,0.09510799819443987
1777,0.626728306405052
19109,0.3126721603769976
22462,0.22501203345217524
2306,0.34668717307003055
7355,0.4026802731430006
17035,0.37547925345414757
816,0.4314330615338588
3980,0.573861128544347
15213,0.5854831073418844
21993,0.300555589095844
7395,0.37678862264095364
6630,0.5736181274297641
26014,0.7145722166570568
2485,0.4853968911706081
18607,0.327448897845089
25749,0.6283372077118762
14695,0.5035584059226977
8819,0.6446255466020142
22371,0.8356459142177571
17951,0.418229653400749
15194,0.46333277985322474
4664,0.34027835172347537
5036,0.4371800784615685
17270,0.48723440395788287
26931,0.46553126295893593
22954,0.3440283475378472
13675,0.6230156832893727
17093,0.4319314681594448
16345,0.2676155774852745
4565,0.5021133345614933
13927,0.4813540356999839
20302,0.4427796161254423
22991,0.3748040892353821
22818,0.5202174242870945
9865,0.7207969311589361
9909,0.5834042324769093
25304,0.30256346037890064
2466,0.4469878354770975
13837,0.20763718355977887
1795,0.39711261366582445
10166,0.6461729251131983
29332,0.5305197695899054
7884,0.5605652300021506
24095,0.26453930116588514
28675,0.5802008793879131
12215,0.5490871617412966
12457,0.38563976148617
8024,0.4333254754801897
7319,0.3788686812620692
1601,0.5758534518049255
1257,0.30103059144252337
26596,0.32757306508061007
429,0.641617400397238
18173,0.5071730108015594
25296,0.25827322995749935
923,0.5047986868909393
7746,0.2664639241876332
4887,0.44026992762142986
29398,0.5043367767196736
27230,0.7242460531092348
16737,0.6877322110014394
10801,0.4838714237304293
10870,0.36370516454933594
27270,0.4621758644191236
6645,0.3812799219755257
25254,0.6516542454691142
15076,0.5212985182770262
23365,0.5752312193710655
611,0.297114267789834
23067,0.34307911954306314
15575,0.515028491637676
6736,0.4988182828149467
8072,0.4366513568641335
27579,0.4592146102717047
29549,0.5107186037012688
23158,0.3784367703697747
5185,0.35610413662363727
11753,0.5361218632485834
5083,0.7426204080562702
13079,0.48642031684296
7552,0.7159259909747421
12107,0.5704399609753456
23643,0.3139504762887871
18717,0.555660032636922
13165,0.3709922366954268
11571,0.16607423714600497
13743,0.4607808785425309
11374,0.5266678325082719
5019,0.43108464497299837
12930,0.31664550671718983
15568,0.6734917687776921
19486,0.5716962901492594
19582,0.30597157918912604
19273,0.25711446966388535
27295,0.5857558884764708
11442,0.7119271112336225
3351,0.4862943368465573
11395,0.5728407227463146
24404,0.6069250144591146
499,0.3281671139272491
3057,0.42034566509637195
19592,0.33190422169619366
22928,0.2625735282026049
66,0.5912905451597544
5491,0.759500007967973
25237,0.39670052127057526
4490,0.39829206249928006
2814,0.39187003450486296
13803,0.5915954692975463
10341,0.3821614875981801
2990,0.6931055803535758
16405,0.5192087097205841
16510,0.43105407820273905
4635,0.4874065965075016
8833,0.7835735004232268
12297,0.4905417552016376
1309,0.3226627552399266
26782,0.5710301449778047
3735,0.377335090795037
14082,0.5149375582644719
19777,0.6297066568259803
13782,0.15126537351632202
3817,0.5867839102750562
25458,0.5431256018094648
25998,0.6209580941971383
26150,0.7440339849241343
13762,0.5128935931519977
21254,0.20014286170066878
5804,0.5587160011835817
11701,0.4592027465031072
8442,0.29806160249844016
22465,0.6424673255809417
9642,0.425145193809594
22467,0.5763230094846232
28968,0.5378664297455685
10727,0.6725367137180657
11715,0.5056985444142059
280,0.5870580776560905
17164,0.5156176956790373
11914,0.33436897308930047
4886,0.5998624923730532
4753,0.28573414944713255
13487,0.35251942765868255
2548,0.553441292682265
23156,0.49884302868317026
17262,0.43423894756154163
29002,0.526998782568667
29967,0.6504954906912298
11256,0.24743257122703963
28168,0.31280997670314087
9760,0.41093605433541885
3368,0.46529940591469504
26807,0.2733175911414792
29939,0.6275868765387171
22806,0.4461237107588753
26608,0.4966308562342414
12969,0.41282472020924366
24562,0.43306631665671286
29311,0.5766904735074271
29270,0.5822192770993142
5192,0.2893083181760288
1521,0.36903275797132795
14366,0.48836668981395714
17207,0.43137282493717394
21630,0.21561136691212024
4234,0.5343989340023794
16440,0.6575079972655803
10413,0.4638371047312478
1593,0.5323600091938437
3419,0.5692793877228988
18329,0.52762613123121
6699,0.5050685737486288
11429,0.598148116727527
29651,0.779709154801123
8074,0.5726220868271598
1789,0.335291688697897
11125,0.5747956686182906
7440,0.2611462651687861
8047,0.4922458687677646
21848,0.4884635867432278
6022,0.5897793111466018
24677,0.1232019042388945
23798,0.13937966674734234
5740,0.03662564862006575
1809,0.4266840631401247
16597,0.32912253882468406
16605,0.363086270174497
10156,0.38333976780043716
27224,0.5883054939120563
7806,0.10963431024618746
15102,0.35576709015737457
18184,0.31788168992097227
25200,0.5625745029660365
2160,0.33870460588304624
20665,0.48716493876254024
3007,0.5118389474180073
10640,0.4404733197953096
21198,0.4974720498064545
23414,0.24833507361385312
29943,0.5539181670801899
6214,0.18458216798553426
5600,0.31004788307095593
23992,0.5913988567532918
4845,0.5572228957363939
27458,0.6595967133509507
17923,0.3781052433354619
29150,0.8005346007675644
276,0.3451298322819249
24805,0.48805089771447835
4869,0.23158746879174388
22669,0.44405500723699437
19389,0.5013837037040223
16272,0.4029704807579746
28921,0.4275969495421128
11823,0.31277526287121765
5827,0.19983002150180654
21586,0.5752777470427409
6784,0.5888884701656415
4740,0.3932370176770168
29346,0.5503937345872352
25476,0.5705963215909536
17969,0.5257923100853442
2304,0.2715389482663379
23467,0.4460575437157777
22308,0.6404400186484835
632,0.16380604582118766
26105,0.5204526189023494
2630,0.42944312293617976
18943,0.4253932648366756
15628,0.5902259971249736
1561,0.5326616988349184
894,0.521578253676055
29572,0.30448933568336023
1995,0.22842840593698369
19262,0.6179776072900474
559,0.49068077308007446
29148,0.5855480078771234
27899,0.4922029972250759
13945,0.5400577397737365
13397,0.5390427656503228
9375,0.3039869634956038
14413,0.6294730938462484
9323,0.6419536739863545
20485,0.35115512388859155
4186,0.40011875768828614
5928,0.5632787680953791
1519,0.6734722923546613
6953,0.528218208444739
2858,0.38685080662166055
12133,0.2900866938788383
29557,0.34383835941532714
21441,0.4708254805328471
25802,0.698970058768822
17914,0.38026135440029457
7369,0.6170373911567683
24900,0.5065842728822592
16760,0.2993861984074726
11415,0.20815553780187868
7111,0.4893924483677415
20896,0.36545921121478725
11363,0.683328394297703
29285,0.17995044511047906
23267,0.34269758176009213
13666,0.4806276461589345
14330,0.5845548206029619
14423,0.4770845944398377
98,0.5813131521050123
10120,0.640306541966976
6409,0.7572021721269718
5890,0.528974116206964
2639,0.4300797339837166
28090,0.494190663046256
18645,0.417406540243679
9964,0.5644277298612995
2356,0.5132245885262255
11105,0.6645276210899259
12291,0.31031443230704564
12520,0.42615657336678797
17313,0.47697922619621624
25084,0.10164204942421884
1680,0.2019765830685695
7398,0.2120737814295938
11170,0.6863472040535705
22287,0.46522596233119645
9785,0.39720902608447806
16691,0.5288643993362997
6308,0.2564894802155527
18436,0.2172424244276927
4820,0.601529371618886
3869,0.3031376777943729
299,0.2759796935796624
20608,0.4984855789625398
22086,0.5546844875974037
21095,0.4216575462077796
1632,0.4787618041624748
7216,0.2664718776535702
19033,0.32334439576940377
5938,0.38468450263526305
15847,0.271678588223685
23460,0.45098903098886184
22877,0.5075818423494325
24015,0.7319231179266916
12793,0.3594729263023531
2194,0.03572735060955413
601,0.1719870457853423
3818,0.3164013167047185
24678,0.22651156952785
12218,0.5971707438814781
22864,0.4505488529597998
11587,0.5587288683075601
17714,0.4953662234728797
10586,0.4837753839120405
1700,0.6011296558943459
13619,0.5835570719230464
15395,0.18074826688856174
3667,0.5108176391594156
20037,0.26584431013249615
18386,0.425111505306957
22540,0.5891424840959868
10465,0.6006985483774442
21703,0.36113171784388803
25804,0.12874790512606676
21074,0.45793994282613965
29571,0.6726472821588919
17620,0.6623520264964157
25259,0.5280221158497822
22372,0.5577474076108225
13899,0.7190105198626974
1191,0.5524460710935329
16010,0.6641658336578528
24786,0.28384717472234366
13754,0.39950067652589727
5553,0.3591899354390902
26328,0.49556479915250734
12861,0.5000970952086785
21480,0.4594045666260124
24211,0.3652195479550049
24559,0.475050024051279
26361,0.6373172145810112
19503,0.3843474675955987
5014,0.48104463882147624
5589,0.540508754317869
2988,0.25761409819369413
26754,0.5672409485390139
1061,0.2599553426679456
10223,0.44365911765756616
1201,0.5368021943300758
25851,0.6767953935314757
2703,0.6451259500896148
18896,0.660654036705088
2015,0.4998744095080958
10859,0.5159544343066907
22039,0.5781046904721591
21096,0.6169025183277216
21598,0.758819667705322
22731,0.11807728029215993
15407,0.5643470802441982
22227,0.293030382770791
16136,0.6649732411649457
22320,0.497317683702914
15093,0.479625730273942
17205,0.1845308489031349
197,0.32888389651371797
18056,0.24339381394178153
1,0.5746681052416927
9534,0.5214452984487687
7265,0.5624735255658431
28698,0.30078549103124036
3317,0.4338958479488933
14854,0.5455551964446586
21481,0.470834066198673
17904,0.36797310353299784
6975,0.3859482192027099
17167,0.24306543461754085
26799,0.3315190254940661
22143,0.460120661328652
17849,0.28245535354804024
2076,0.19020792443037268
6679,0.5375142038400128
26282,0.342781073974112
9704,0.5959422882047661
28127,0.5767553775624881
20070,0.5474948386537709
6582,0.5631952454745078
3265,0.3811391523646473
21637,0.6375708483661954
2004,0.6621644743118132
20777,0.5836817388610812
27593,0.582393483572036
5574,0.7114514134305514
6095,0.3731401194335098
1702,0.5760569708328247
1324,0.3639738311545007
8086,0.5165788832499166
9310,0.45926971959969337
23695,0.5080323894567678
28251,0.2853840099891717
10267,0.3623398500242819
10871,0.4817451343738068
11769,0.5221028062600978
9176,0.38076506650261904
6769,0.25281814048825857
19950,0.7298252320605467
18603,0.2473872818794741
6055,0.39819815096015104
28862,0.5020628138480995
17972,0.5114369050628257
10463,0.3099106082006593
15065,0.4422471998518896
16651,0.7243272895269389
6145,0.591239367622567
10479,0.4786768455717087
11196,0.4159384804736508
9053,0.34330200744934475
19183,0.3822076928563683
12559,0.5015990915191634
22359,0.649385957229629
14800,0.12827526690474497
8286,0.5717742869395825
27352,0.5790679228382253
397,0.6566420267278724
6791,0.45022544442922313
28170,0.6552047773972436
7109,0.4061630164080851
15026,0.532625290771053
3870,0.45970049866214246
29841,0.7070100086449577
25060,0.2722827838891915
8405,0.5351116412057525
3256,0.5676307918576134
17337,0.7891008420180792
16000,0.24446061246398298
20757,0.5303530276585491
27247,0.5045570270483468
14570,0.5464208007949343
9657,0.3892440815865606
5687,0.5443259708431173
20970,0.6892312862141932
25954,0.3809148718550362
10225,0.08689125542512854
8916,0.37310595838190513
29182,0.42858856788775723
16077,0.34080113054489586
24330,0.5482134665270887
23861,0.6515267083340239
1103,0.6834079639000471
19894,0.4385266863781281
19872,0.4837753839120405
17906,0.7053905714559227
5471,0.6506735516952754
21949,0.32951728081605536
16809,0.6176649198347267
21766,0.5039667134791901
14862,0.4974195520605165
26543,0.3227646965858808
2970,0.5135537399041572
7731,0.4889357046035007
12356,0.5040324328874681
11553,0.6126692941689842
22107,0.4831210171710498
15958,0.6626253338701075
22858,0.26433128070029316
29268,0.35015472342313375
334,0.5306355557178589
20716,0.3540832881640665
17028,0.7172348317749623
6242,0.10666626286494402
17841,0.24150208588808816
26670,0.5220412010757302
2782,0.35225980046422833
26265,0.4870730352386145
27661,0.5223286990636251
13733,0.2776799422701294
10031,0.41617685798677573
25048,0.49854988016637575
10829,0.6125029786288344
24822,0.39100596366398627
15689,0.43540183920141257
24007,0.589316730924765
16943,0.5352008975322818
21127,0.5245740012857572
26929,0.40509480335888753
10335,0.32948330171297324
23890,0.4724495865792588
2477,0.46432572725028165
113,0.32892560327842424
416,0.3987629640351113
2490,0.49732713181592353
21154,0.260769929805997
28932,0.35916708241267137
18393,0.5825179652099427
11334,0.37683569113459753
2831,0.5360112451967947
12905,0.4862835726367911
3995,0.6292957868538198
25540,0.6429257157447891
22474,0.36527436059139556
3554,0.3209203681758277
